,time,device,location,precip,rh
0,2021-05-21 00:00:00+00:00,C005252,5fda36c5aaffa700101d3179,0.0,0.60071665
1,2021-05-21 01:00:00+00:00,C005252,5fda36c5aaffa700101d3179,0.0,0.62008333
2,2021-05-21 02:00:00+00:00,C005252,5fda36c5aaffa700101d3179,0.0,0.647775
3,2021-05-21 03:00:00+00:00,C005252,5fda36c5aaffa700101d3179,0.0,0.678225
4,2021-05-21 04:00:00+00:00,C005252,5fda36c5aaffa700101d3179,0.0,0.710675
5,2021-05-21 05:00:00+00:00,C005252,5fda36c5aaffa700101d3179,0.0,0.72079164
6,2021-05-21 06:00:00+00:00,C005252,5fda36c5aaffa700101d3179,0.0,0.71305835
7,2021-05-21 07:00:00+00:00,C005252,5fda36c5aaffa700101d3179,0.0,0.68913335
8,2021-05-21 08:00:00+00:00,C005252,5fda36c5aaffa700101d3179,0.0,0.674375
9,2021-05-21 09:00:00+00:00,C005252,5fda36c5aaffa700101d3179,0.0,0.67130834
10,2021-05-21 10:00:00+00:00,C005252,5fda36c5aaffa700101d3179,0.0,0.6744417
11,2021-05-21 11:00:00+00:00,C005252,5fda36c5aaffa700101d3179,0.0,0.687925
12,2021-05-21 12:00:00+00:00,C005252,5fda36c5aaffa700101d3179,0.0,0.6891083
13,2021-05-21 13:00:00+00:00,C005252,5fda36c5aaffa700101d3179,0.0,0.6869083
14,2021-05-21 14:00:00+00:00,C005252,5fda36c5aaffa700101d3179,0.36,0.73158336
15,2021-05-21 15:00:00+00:00,C005252,5fda36c5aaffa700101d3179,0.0,0.8730583
16,2021-05-21 16:00:00+00:00,C005252,5fda36c5aaffa700101d3179,0.0,0.794375
17,2021-05-21 17:00:00+00:00,C005252,5fda36c5aaffa700101d3179,0.47,0.89721817
18,2021-05-21 18:00:00+00:00,C005252,5fda36c5aaffa700101d3179,0.0,0.8649
19,2021-05-21 19:00:00+00:00,C005252,5fda36c5aaffa700101d3179,0.0,0.82899165
20,2021-05-21 20:00:00+00:00,C005252,5fda36c5aaffa700101d3179,0.0,0.81736666
21,2021-05-21 21:00:00+00:00,C005252,5fda36c5aaffa700101d3179,3.06,0.8942417
22,2021-05-21 22:00:00+00:00,C005252,5fda36c5aaffa700101d3179,0.39,0.90241665
23,2021-05-21 23:00:00+00:00,C005252,5fda36c5aaffa700101d3179,0.0,0.90928334
24,2021-05-22 00:00:00+00:00,C005252,5fda36c5aaffa700101d3179,0.37,0.9224167
25,2021-05-22 01:00:00+00:00,C005252,5fda36c5aaffa700101d3179,0.04,0.926
26,2021-05-22 02:00:00+00:00,C005252,5fda36c5aaffa700101d3179,0.18,0.931525
27,2021-05-22 03:00:00+00:00,C005252,5fda36c5aaffa700101d3179,0.5,0.94180834
28,2021-05-22 04:00:00+00:00,C005252,5fda36c5aaffa700101d3179,0.03,0.941425
29,2021-05-22 05:00:00+00:00,C005252,5fda36c5aaffa700101d3179,0.01,0.94415
30,2021-05-22 06:00:00+00:00,C005252,5fda36c5aaffa700101d3179,0.01,0.94155
31,2021-05-22 07:00:00+00:00,C005252,5fda36c5aaffa700101d3179,0.0,0.93656665
32,2021-05-22 08:00:00+00:00,C005252,5fda36c5aaffa700101d3179,0.0,0.9375833
33,2021-05-22 09:00:00+00:00,C005252,5fda36c5aaffa700101d3179,0.0,0.93504167
34,2021-05-22 10:00:00+00:00,C005252,5fda36c5aaffa700101d3179,0.0,0.92380834
35,2021-05-22 11:00:00+00:00,C005252,5fda36c5aaffa700101d3179,0.0,0.90149164
36,2021-05-22 12:00:00+00:00,C005252,5fda36c5aaffa700101d3179,0.0,0.8791083
37,2021-05-22 13:00:00+00:00,C005252,5fda36c5aaffa700101d3179,0.0,0.83084166
38,2021-05-22 14:00:00+00:00,C005252,5fda36c5aaffa700101d3179,0.0,0.75675
39,2021-05-22 15:00:00+00:00,C005252,5fda36c5aaffa700101d3179,0.0,0.7201667
40,2021-05-22 16:00:00+00:00,C005252,5fda36c5aaffa700101d3179,0.0,0.665075
41,2021-05-22 17:00:00+00:00,C005252,5fda36c5aaffa700101d3179,0.0,0.64683336
42,2021-05-22 18:00:00+00:00,C005252,5fda36c5aaffa700101d3179,0.0,0.62558335
43,2021-05-22 19:00:00+00:00,C005252,5fda36c5aaffa700101d3179,0.0,0.59455
44,2021-05-22 20:00:00+00:00,C005252,5fda36c5aaffa700101d3179,0.0,0.5951727
45,2021-05-22 21:00:00+00:00,C005252,5fda36c5aaffa700101d3179,0.0,0.5874
46,2021-05-22 22:00:00+00:00,C005252,5fda36c5aaffa700101d3179,0.0,0.59043336
47,2021-05-22 23:00:00+00:00,C005252,5fda36c5aaffa700101d3179,0.0,0.59625834
48,2021-05-23 00:00:00+00:00,C005252,5fda36c5aaffa700101d3179,0.0,0.65060836
49,2021-05-23 01:00:00+00:00,C005252,5fda36c5aaffa700101d3179,0.0,0.7106417
50,2021-05-23 02:00:00+00:00,C005252,5fda36c5aaffa700101d3179,0.0,0.79188335
51,2021-05-23 03:00:00+00:00,C005252,5fda36c5aaffa700101d3179,0.0,0.84173334
52,2021-05-23 04:00:00+00:00,C005252,5fda36c5aaffa700101d3179,0.0,0.87134165
53,2021-05-23 05:00:00+00:00,C005252,5fda36c5aaffa700101d3179,0.0,0.8880583
54,2021-05-23 06:00:00+00:00,C005252,5fda36c5aaffa700101d3179,0.0,0.8998917
55,2021-05-23 07:00:00+00:00,C005252,5fda36c5aaffa700101d3179,0.0,0.8945917
56,2021-05-23 08:00:00+00:00,C005252,5fda36c5aaffa700101d3179,0.0,0.8930917
57,2021-05-23 09:00:00+00:00,C005252,5fda36c5aaffa700101d3179,0.24,0.900025
58,2021-05-23 10:00:00+00:00,C005252,5fda36c5aaffa700101d3179,0.0,0.9145333
59,2021-05-23 11:00:00+00:00,C005252,5fda36c5aaffa700101d3179,0.0,0.905125
60,2021-05-23 12:00:00+00:00,C005252,5fda36c5aaffa700101d3179,0.96,0.91753334
61,2021-05-23 13:00:00+00:00,C005252,5fda36c5aaffa700101d3179,0.13,0.89846665
62,2021-05-23 14:00:00+00:00,C005252,5fda36c5aaffa700101d3179,0.41,0.84849167
63,2021-05-23 15:00:00+00:00,C005252,5fda36c5aaffa700101d3179,0.0,0.79235
64,2021-05-23 16:00:00+00:00,C005252,5fda36c5aaffa700101d3179,0.0,0.7772667
65,2021-05-23 17:00:00+00:00,C005252,5fda36c5aaffa700101d3179,0.0,0.7412583
66,2021-05-23 18:00:00+00:00,C005252,5fda36c5aaffa700101d3179,0.0,0.73303336
67,2021-05-23 19:00:00+00:00,C005252,5fda36c5aaffa700101d3179,0.0,0.725125
68,2021-05-23 20:00:00+00:00,C005252,5fda36c5aaffa700101d3179,0.0,0.7268
69,2021-05-23 21:00:00+00:00,C005252,5fda36c5aaffa700101d3179,0.0,0.7324333
70,2021-05-23 22:00:00+00:00,C005252,5fda36c5aaffa700101d3179,0.0,0.6765917
71,2021-05-23 23:00:00+00:00,C005252,5fda36c5aaffa700101d3179,0.0,0.734775
72,2021-05-24 00:00:00+00:00,C005252,5fda36c5aaffa700101d3179,0.72,0.83475834
73,2021-05-24 01:00:00+00:00,C005252,5fda36c5aaffa700101d3179,0.05,0.91776365
74,2021-05-24 02:00:00+00:00,C005252,5fda36c5aaffa700101d3179,0.04,0.925675
75,2021-05-24 03:00:00+00:00,C005252,5fda36c5aaffa700101d3179,0.02,0.93330836
76,2021-05-24 04:00:00+00:00,C005252,5fda36c5aaffa700101d3179,0.05,0.94158334
77,2021-05-24 05:00:00+00:00,C005252,5fda36c5aaffa700101d3179,0.0,0.93656665
78,2021-05-24 06:00:00+00:00,C005252,5fda36c5aaffa700101d3179,0.09,0.94970834
79,2021-05-24 07:00:00+00:00,C005252,5fda36c5aaffa700101d3179,0.0,0.9581417
80,2021-05-24 08:00:00+00:00,C005252,5fda36c5aaffa700101d3179,0.0,0.9609333
81,2021-05-24 09:00:00+00:00,C005252,5fda36c5aaffa700101d3179,0.0,0.9690833
82,2021-05-24 10:00:00+00:00,C005252,5fda36c5aaffa700101d3179,0.0,0.9749917
83,2021-05-24 11:00:00+00:00,C005252,5fda36c5aaffa700101d3179,0.02,0.97651666
84,2021-05-24 12:00:00+00:00,C005252,5fda36c5aaffa700101d3179,0.06,0.948875
85,2021-05-24 13:00:00+00:00,C005252,5fda36c5aaffa700101d3179,0.0,0.88325834
86,2021-05-24 14:00:00+00:00,C005252,5fda36c5aaffa700101d3179,0.0,0.845375
87,2021-05-24 15:00:00+00:00,C005252,5fda36c5aaffa700101d3179,0.0,0.776675
88,2021-05-24 16:00:00+00:00,C005252,5fda36c5aaffa700101d3179,0.0,0.7044167
89,2021-05-24 17:00:00+00:00,C005252,5fda36c5aaffa700101d3179,0.0,0.62408334
90,2021-05-24 18:00:00+00:00,C005252,5fda36c5aaffa700101d3179,0.0,0.5788417
91,2021-05-24 19:00:00+00:00,C005252,5fda36c5aaffa700101d3179,0.0,0.56203336
92,2021-05-24 20:00:00+00:00,C005252,5fda36c5aaffa700101d3179,0.0,0.5573417
93,2021-05-24 21:00:00+00:00,C005252,5fda36c5aaffa700101d3179,0.0,0.5659
94,2021-05-24 22:00:00+00:00,C005252,5fda36c5aaffa700101d3179,0.0,0.5555
95,2021-05-24 23:00:00+00:00,C005252,5fda36c5aaffa700101d3179,0.0,0.5653
96,2021-05-25 00:00:00+00:00,C005252,5fda36c5aaffa700101d3179,0.0,0.5818083
97,2021-05-25 01:00:00+00:00,C005252,5fda36c5aaffa700101d3179,0.0,0.61895
98,2021-05-25 02:00:00+00:00,C005252,5fda36c5aaffa700101d3179,0.0,0.6465333
99,2021-05-25 03:00:00+00:00,C005252,5fda36c5aaffa700101d3179,0.0,0.65579164
100,2021-05-25 04:00:00+00:00,C005252,5fda36c5aaffa700101d3179,0.0,0.66932726
101,2021-05-25 05:00:00+00:00,C005252,5fda36c5aaffa700101d3179,0.0,0.70439166
102,2021-05-25 06:00:00+00:00,C005252,5fda36c5aaffa700101d3179,0.0,0.74078333
103,2021-05-25 07:00:00+00:00,C005252,5fda36c5aaffa700101d3179,0.0,0.758725
104,2021-05-25 08:00:00+00:00,C005252,5fda36c5aaffa700101d3179,0.0,0.766325
105,2021-05-25 09:00:00+00:00,C005252,5fda36c5aaffa700101d3179,0.0,0.77538335
106,2021-05-25 10:00:00+00:00,C005252,5fda36c5aaffa700101d3179,0.0,0.794925
107,2021-05-25 11:00:00+00:00,C005252,5fda36c5aaffa700101d3179,0.1,0.80111665
108,2021-05-25 12:00:00+00:00,C005252,5fda36c5aaffa700101d3179,0.19,0.77260834
109,2021-05-25 13:00:00+00:00,C005252,5fda36c5aaffa700101d3179,0.0,0.72143334
110,2021-05-25 14:00:00+00:00,C005252,5fda36c5aaffa700101d3179,0.0,0.710175
111,2021-05-25 15:00:00+00:00,C005252,5fda36c5aaffa700101d3179,0.0,0.7012
112,2021-05-25 16:00:00+00:00,C005252,5fda36c5aaffa700101d3179,0.0,0.662225
113,2021-05-25 17:00:00+00:00,C005252,5fda36c5aaffa700101d3179,0.0,0.63005
114,2021-05-25 18:00:00+00:00,C005252,5fda36c5aaffa700101d3179,0.0,0.6184083
115,2021-05-25 19:00:00+00:00,C005252,5fda36c5aaffa700101d3179,0.0,0.664625
116,2021-05-25 20:00:00+00:00,C005252,5fda36c5aaffa700101d3179,0.0,0.6602333
117,2021-05-25 21:00:00+00:00,C005252,5fda36c5aaffa700101d3179,0.0,0.6856833
118,2021-05-25 22:00:00+00:00,C005252,5fda36c5aaffa700101d3179,0.0,0.7008333
119,2021-05-25 23:00:00+00:00,C005252,5fda36c5aaffa700101d3179,0.11,0.73499167
120,2021-05-26 00:00:00+00:00,C005252,5fda36c5aaffa700101d3179,0.0,0.78079164
121,2021-05-26 01:00:00+00:00,C005252,5fda36c5aaffa700101d3179,0.0,0.8203667
122,2021-05-26 02:00:00+00:00,C005252,5fda36c5aaffa700101d3179,0.39,0.849175
123,2021-05-26 03:00:00+00:00,C005252,5fda36c5aaffa700101d3179,0.48,0.85635
124,2021-05-26 04:00:00+00:00,C005252,5fda36c5aaffa700101d3179,0.98,0.8432583
125,2021-05-26 05:00:00+00:00,C005252,5fda36c5aaffa700101d3179,0.0,0.75785
126,2021-05-26 06:00:00+00:00,C005252,5fda36c5aaffa700101d3179,0.0,0.84853333
127,2021-05-26 07:00:00+00:00,C005252,5fda36c5aaffa700101d3179,0.0,0.73008335
128,2021-05-26 08:00:00+00:00,C005252,5fda36c5aaffa700101d3179,0.0,0.6449818
129,2021-05-26 09:00:00+00:00,C005252,5fda36c5aaffa700101d3179,0.0,0.64615834
130,2021-05-26 10:00:00+00:00,C005252,5fda36c5aaffa700101d3179,0.0,0.65025836
131,2021-05-26 11:00:00+00:00,C005252,5fda36c5aaffa700101d3179,0.0,0.65635
132,2021-05-26 12:00:00+00:00,C005252,5fda36c5aaffa700101d3179,0.0,0.6221167
133,2021-05-26 13:00:00+00:00,C005252,5fda36c5aaffa700101d3179,0.0,0.5762
134,2021-05-26 14:00:00+00:00,C005252,5fda36c5aaffa700101d3179,0.0,0.5234417
135,2021-05-26 15:00:00+00:00,C005252,5fda36c5aaffa700101d3179,0.0,0.482475
136,2021-05-26 16:00:00+00:00,C005252,5fda36c5aaffa700101d3179,0.0,0.47446668
137,2021-05-26 17:00:00+00:00,C005252,5fda36c5aaffa700101d3179,0.0,0.47809166
138,2021-05-26 18:00:00+00:00,C005252,5fda36c5aaffa700101d3179,0.0,0.47443333
139,2021-05-26 19:00:00+00:00,C005252,5fda36c5aaffa700101d3179,0.0,0.45915
140,2021-05-26 20:00:00+00:00,C005252,5fda36c5aaffa700101d3179,0.0,0.460975
141,2021-05-26 21:00:00+00:00,C005252,5fda36c5aaffa700101d3179,0.0,0.469525
142,2021-05-26 22:00:00+00:00,C005252,5fda36c5aaffa700101d3179,0.0,0.4834
143,2021-05-26 23:00:00+00:00,C005252,5fda36c5aaffa700101d3179,0.0,0.50039166
144,2021-05-27 00:00:00+00:00,C005252,5fda36c5aaffa700101d3179,0.0,0.5170917
145,2021-05-27 01:00:00+00:00,C005252,5fda36c5aaffa700101d3179,0.0,0.56645
146,2021-05-27 02:00:00+00:00,C005252,5fda36c5aaffa700101d3179,0.0,0.5975
147,2021-05-27 03:00:00+00:00,C005252,5fda36c5aaffa700101d3179,0.0,0.6232
148,2021-05-27 04:00:00+00:00,C005252,5fda36c5aaffa700101d3179,0.0,0.658525
149,2021-05-27 05:00:00+00:00,C005252,5fda36c5aaffa700101d3179,0.0,0.73535
150,2021-05-27 06:00:00+00:00,C005252,5fda36c5aaffa700101d3179,0.0,0.75375
151,2021-05-27 07:00:00+00:00,C005252,5fda36c5aaffa700101d3179,0.0,0.73971665
152,2021-05-27 08:00:00+00:00,C005252,5fda36c5aaffa700101d3179,0.0,0.74015
153,2021-05-27 09:00:00+00:00,C005252,5fda36c5aaffa700101d3179,0.0,0.75939167
154,2021-05-27 10:00:00+00:00,C005252,5fda36c5aaffa700101d3179,0.0,0.7518455
155,2021-05-27 11:00:00+00:00,C005252,5fda36c5aaffa700101d3179,0.0,0.7358
156,2021-05-27 12:00:00+00:00,C005252,5fda36c5aaffa700101d3179,0.0,0.707325
157,2021-05-27 13:00:00+00:00,C005252,5fda36c5aaffa700101d3179,0.0,0.6760833
158,2021-05-27 14:00:00+00:00,C005252,5fda36c5aaffa700101d3179,0.0,0.6731
159,2021-05-27 15:00:00+00:00,C005252,5fda36c5aaffa700101d3179,0.65,0.76759166
160,2021-05-27 16:00:00+00:00,C005252,5fda36c5aaffa700101d3179,2.78,0.81640834
161,2021-05-27 17:00:00+00:00,C005252,5fda36c5aaffa700101d3179,0.0,0.75985
162,2021-05-27 18:00:00+00:00,C005252,5fda36c5aaffa700101d3179,0.0,0.8048083
163,2021-05-27 19:00:00+00:00,C005252,5fda36c5aaffa700101d3179,2.38,0.8166583
164,2021-05-27 20:00:00+00:00,C005252,5fda36c5aaffa700101d3179,5.68,0.8200333
165,2021-05-27 21:00:00+00:00,C005252,5fda36c5aaffa700101d3179,4.86,0.87128335
166,2021-05-27 22:00:00+00:00,C005252,5fda36c5aaffa700101d3179,0.6,0.89523333
167,2021-05-27 23:00:00+00:00,C005252,5fda36c5aaffa700101d3179,2.07,0.92860836
168,2021-05-28 00:00:00+00:00,C005252,5fda36c5aaffa700101d3179,3.56,0.93326664
169,2021-05-28 01:00:00+00:00,C005252,5fda36c5aaffa700101d3179,3.0,0.935825
170,2021-05-28 02:00:00+00:00,C005252,5fda36c5aaffa700101d3179,1.52,0.940325
171,2021-05-28 03:00:00+00:00,C005252,5fda36c5aaffa700101d3179,1.93,0.9372333
172,2021-05-28 04:00:00+00:00,C005252,5fda36c5aaffa700101d3179,2.1,0.93971664
173,2021-05-28 05:00:00+00:00,C005252,5fda36c5aaffa700101d3179,0.88,0.9421273
174,2021-05-28 06:00:00+00:00,C005252,5fda36c5aaffa700101d3179,1.45,0.94063336
175,2021-05-28 07:00:00+00:00,C005252,5fda36c5aaffa700101d3179,0.51,0.93403333
176,2021-05-28 08:00:00+00:00,C005252,5fda36c5aaffa700101d3179,2.55,0.9292167
177,2021-05-28 09:00:00+00:00,C005252,5fda36c5aaffa700101d3179,1.15,0.9109
178,2021-05-28 10:00:00+00:00,C005252,5fda36c5aaffa700101d3179,1.64,0.892775
179,2021-05-28 11:00:00+00:00,C005252,5fda36c5aaffa700101d3179,1.14,0.889975
180,2021-05-28 12:00:00+00:00,C005252,5fda36c5aaffa700101d3179,0.35,0.883
181,2021-05-28 13:00:00+00:00,C005252,5fda36c5aaffa700101d3179,1.74,0.896925
182,2021-05-28 14:00:00+00:00,C005252,5fda36c5aaffa700101d3179,1.21,0.92121667
183,2021-05-28 15:00:00+00:00,C005252,5fda36c5aaffa700101d3179,1.88,0.92448336
184,2021-05-28 16:00:00+00:00,C005252,5fda36c5aaffa700101d3179,3.31,0.9168083
185,2021-05-28 17:00:00+00:00,C005252,5fda36c5aaffa700101d3179,1.35,0.910275
186,2021-05-28 18:00:00+00:00,C005252,5fda36c5aaffa700101d3179,0.0,0.8446917
187,2021-05-28 19:00:00+00:00,C005252,5fda36c5aaffa700101d3179,0.0,0.7722833
188,2021-05-28 20:00:00+00:00,C005252,5fda36c5aaffa700101d3179,0.0,0.6721917
189,2021-05-28 21:00:00+00:00,C005252,5fda36c5aaffa700101d3179,0.0,0.60025835
190,2021-05-28 22:00:00+00:00,C005252,5fda36c5aaffa700101d3179,0.0,0.55965
191,2021-05-28 23:00:00+00:00,C005252,5fda36c5aaffa700101d3179,0.0,0.5340083
192,2021-05-29 00:00:00+00:00,C005252,5fda36c5aaffa700101d3179,0.0,0.49425
193,2021-05-29 01:00:00+00:00,C005252,5fda36c5aaffa700101d3179,0.0,0.5027909
194,2021-05-29 02:00:00+00:00,C005252,5fda36c5aaffa700101d3179,0.0,0.526975
195,2021-05-29 03:00:00+00:00,C005252,5fda36c5aaffa700101d3179,0.0,0.5679833
196,2021-05-29 04:00:00+00:00,C005252,5fda36c5aaffa700101d3179,0.0,0.601375
197,2021-05-29 05:00:00+00:00,C005252,5fda36c5aaffa700101d3179,0.0,0.613025
198,2021-05-29 06:00:00+00:00,C005252,5fda36c5aaffa700101d3179,0.0,0.6065083
199,2021-05-29 07:00:00+00:00,C005252,5fda36c5aaffa700101d3179,0.0,0.6415
200,2021-05-29 08:00:00+00:00,C005252,5fda36c5aaffa700101d3179,0.0,0.69843334
201,2021-05-29 09:00:00+00:00,C005252,5fda36c5aaffa700101d3179,0.0,0.71740836
202,2021-05-29 10:00:00+00:00,C005252,5fda36c5aaffa700101d3179,0.0,0.71666664
203,2021-05-29 11:00:00+00:00,C005252,5fda36c5aaffa700101d3179,0.0,0.6991417
204,2021-05-29 12:00:00+00:00,C005252,5fda36c5aaffa700101d3179,0.0,0.6653583
205,2021-05-29 13:00:00+00:00,C005252,5fda36c5aaffa700101d3179,0.0,0.57173336
206,2021-05-29 14:00:00+00:00,C005252,5fda36c5aaffa700101d3179,0.0,0.45785832
207,2021-05-29 15:00:00+00:00,C005252,5fda36c5aaffa700101d3179,0.0,0.39620835
208,2021-05-29 16:00:00+00:00,C005252,5fda36c5aaffa700101d3179,0.0,0.38865
209,2021-05-29 17:00:00+00:00,C005252,5fda36c5aaffa700101d3179,0.0,0.385675
210,2021-05-29 18:00:00+00:00,C005252,5fda36c5aaffa700101d3179,0.0,0.37611666
211,2021-05-29 19:00:00+00:00,C005252,5fda36c5aaffa700101d3179,0.0,0.36488333
212,2021-05-29 20:00:00+00:00,C005252,5fda36c5aaffa700101d3179,0.0,0.356375
213,2021-05-29 21:00:00+00:00,C005252,5fda36c5aaffa700101d3179,0.0,0.348425
214,2021-05-29 22:00:00+00:00,C005252,5fda36c5aaffa700101d3179,0.0,0.35034168
215,2021-05-29 23:00:00+00:00,C005252,5fda36c5aaffa700101d3179,0.0,0.360725
216,2021-05-30 00:00:00+00:00,C005252,5fda36c5aaffa700101d3179,0.0,0.37342727
217,2021-05-30 01:00:00+00:00,C005252,5fda36c5aaffa700101d3179,0.0,0.40231666
218,2021-05-30 02:00:00+00:00,C005252,5fda36c5aaffa700101d3179,0.0,0.43230835
219,2021-05-30 03:00:00+00:00,C005252,5fda36c5aaffa700101d3179,0.0,0.457975
220,2021-05-30 04:00:00+00:00,C005252,5fda36c5aaffa700101d3179,0.0,0.45615834
221,2021-05-30 05:00:00+00:00,C005252,5fda36c5aaffa700101d3179,0.0,0.46653333
222,2021-05-30 06:00:00+00:00,C005252,5fda36c5aaffa700101d3179,0.0,0.51093334
223,2021-05-30 07:00:00+00:00,C005252,5fda36c5aaffa700101d3179,0.0,0.540525
224,2021-05-30 08:00:00+00:00,C005252,5fda36c5aaffa700101d3179,0.0,0.5475917
225,2021-05-30 09:00:00+00:00,C005252,5fda36c5aaffa700101d3179,0.0,0.5539
226,2021-05-30 10:00:00+00:00,C005252,5fda36c5aaffa700101d3179,0.0,0.5293667
227,2021-05-30 11:00:00+00:00,C005252,5fda36c5aaffa700101d3179,0.0,0.5389583
228,2021-05-30 12:00:00+00:00,C005252,5fda36c5aaffa700101d3179,0.0,0.5339083
229,2021-05-30 13:00:00+00:00,C005252,5fda36c5aaffa700101d3179,0.0,0.45458335
230,2021-05-30 14:00:00+00:00,C005252,5fda36c5aaffa700101d3179,0.0,0.40406665
231,2021-05-30 15:00:00+00:00,C005252,5fda36c5aaffa700101d3179,0.0,0.39320832
232,2021-05-30 16:00:00+00:00,C005252,5fda36c5aaffa700101d3179,0.0,0.36295
233,2021-05-30 17:00:00+00:00,C005252,5fda36c5aaffa700101d3179,0.0,0.31695834
234,2021-05-30 18:00:00+00:00,C005252,5fda36c5aaffa700101d3179,0.0,0.32966667
235,2021-05-30 19:00:00+00:00,C005252,5fda36c5aaffa700101d3179,0.0,0.328
236,2021-05-30 20:00:00+00:00,C005252,5fda36c5aaffa700101d3179,0.0,0.33908334
237,2021-05-30 21:00:00+00:00,C005252,5fda36c5aaffa700101d3179,0.0,0.35519168
238,2021-05-30 22:00:00+00:00,C005252,5fda36c5aaffa700101d3179,0.0,0.36625832
239,2021-05-30 23:00:00+00:00,C005252,5fda36c5aaffa700101d3179,0.0,0.38286668
240,2021-05-31 00:00:00+00:00,C005252,5fda36c5aaffa700101d3179,0.0,0.40893334
241,2021-05-31 01:00:00+00:00,C005252,5fda36c5aaffa700101d3179,0.0,0.417
242,2021-05-31 02:00:00+00:00,C005252,5fda36c5aaffa700101d3179,0.0,0.41959092
243,2021-05-31 03:00:00+00:00,C005252,5fda36c5aaffa700101d3179,0.0,0.43718332
244,2021-05-31 04:00:00+00:00,C005252,5fda36c5aaffa700101d3179,0.0,0.41225833
245,2021-05-31 05:00:00+00:00,C005252,5fda36c5aaffa700101d3179,0.0,0.40600833
246,2021-05-31 06:00:00+00:00,C005252,5fda36c5aaffa700101d3179,0.0,0.3968
247,2021-05-31 07:00:00+00:00,C005252,5fda36c5aaffa700101d3179,0.0,0.41231668
248,2021-05-31 08:00:00+00:00,C005252,5fda36c5aaffa700101d3179,0.0,0.472775
249,2021-05-31 09:00:00+00:00,C005252,5fda36c5aaffa700101d3179,0.0,0.55795
250,2021-05-31 10:00:00+00:00,C005252,5fda36c5aaffa700101d3179,0.0,0.546725
251,2021-05-31 11:00:00+00:00,C005252,5fda36c5aaffa700101d3179,0.0,0.5584083
252,2021-05-31 12:00:00+00:00,C005252,5fda36c5aaffa700101d3179,0.0,0.56100833
253,2021-05-31 13:00:00+00:00,C005252,5fda36c5aaffa700101d3179,0.0,0.54884166
254,2021-05-31 14:00:00+00:00,C005252,5fda36c5aaffa700101d3179,0.0,0.53031665
255,2021-05-31 15:00:00+00:00,C005252,5fda36c5aaffa700101d3179,0.0,0.49206668
256,2021-05-31 16:00:00+00:00,C005252,5fda36c5aaffa700101d3179,0.0,0.47841668
257,2021-05-31 17:00:00+00:00,C005252,5fda36c5aaffa700101d3179,0.0,0.44983333
258,2021-05-31 18:00:00+00:00,C005252,5fda36c5aaffa700101d3179,0.0,0.43908334
259,2021-05-31 19:00:00+00:00,C005252,5fda36c5aaffa700101d3179,0.0,0.41345835
260,2021-05-31 20:00:00+00:00,C005252,5fda36c5aaffa700101d3179,0.0,0.423075
261,2021-05-31 21:00:00+00:00,C005252,5fda36c5aaffa700101d3179,0.0,0.4354
262,2021-05-31 22:00:00+00:00,C005252,5fda36c5aaffa700101d3179,0.0,0.44359165
263,2021-05-31 23:00:00+00:00,C005252,5fda36c5aaffa700101d3179,0.0,0.44073334
264,2021-06-01 00:00:00+00:00,C005252,5fda36c5aaffa700101d3179,0.0,0.46716666
265,2021-06-01 01:00:00+00:00,C005252,5fda36c5aaffa700101d3179,0.0,0.5333
266,2021-06-01 02:00:00+00:00,C005252,5fda36c5aaffa700101d3179,0.0,0.63655
267,2021-06-01 03:00:00+00:00,C005252,5fda36c5aaffa700101d3179,0.0,0.71520835
268,2021-06-01 04:00:00+00:00,C005252,5fda36c5aaffa700101d3179,0.0,0.75277275
269,2021-06-01 05:00:00+00:00,C005252,5fda36c5aaffa700101d3179,0.0,0.771775
270,2021-06-01 06:00:00+00:00,C005252,5fda36c5aaffa700101d3179,0.0,0.79608333
271,2021-06-01 07:00:00+00:00,C005252,5fda36c5aaffa700101d3179,0.0,0.83335835
272,2021-06-01 08:00:00+00:00,C005252,5fda36c5aaffa700101d3179,0.0,0.884125
273,2021-06-01 09:00:00+00:00,C005252,5fda36c5aaffa700101d3179,0.0,0.9128583
274,2021-06-01 10:00:00+00:00,C005252,5fda36c5aaffa700101d3179,0.0,0.93109167
275,2021-06-01 11:00:00+00:00,C005252,5fda36c5aaffa700101d3179,0.0,0.914325
276,2021-06-01 12:00:00+00:00,C005252,5fda36c5aaffa700101d3179,0.0,0.84678334
277,2021-06-01 13:00:00+00:00,C005252,5fda36c5aaffa700101d3179,0.0,0.7493167
278,2021-06-01 14:00:00+00:00,C005252,5fda36c5aaffa700101d3179,0.0,0.70179164
279,2021-06-01 15:00:00+00:00,C005252,5fda36c5aaffa700101d3179,0.0,0.587025
280,2021-06-01 16:00:00+00:00,C005252,5fda36c5aaffa700101d3179,0.0,0.508475
281,2021-06-01 17:00:00+00:00,C005252,5fda36c5aaffa700101d3179,0.0,0.44733334
282,2021-06-01 18:00:00+00:00,C005252,5fda36c5aaffa700101d3179,0.0,0.43623334
283,2021-06-01 19:00:00+00:00,C005252,5fda36c5aaffa700101d3179,0.0,0.42390832
284,2021-06-01 20:00:00+00:00,C005252,5fda36c5aaffa700101d3179,0.0,0.39528334
285,2021-06-01 21:00:00+00:00,C005252,5fda36c5aaffa700101d3179,0.0,0.38845834
286,2021-06-01 22:00:00+00:00,C005252,5fda36c5aaffa700101d3179,0.0,0.388825
287,2021-06-01 23:00:00+00:00,C005252,5fda36c5aaffa700101d3179,0.0,0.41759166
288,2021-06-02 00:00:00+00:00,C005252,5fda36c5aaffa700101d3179,0.0,0.450775
289,2021-06-02 01:00:00+00:00,C005252,5fda36c5aaffa700101d3179,0.0,0.47599167
290,2021-06-02 02:00:00+00:00,C005252,5fda36c5aaffa700101d3179,0.0,0.5048083
291,2021-06-02 03:00:00+00:00,C005252,5fda36c5aaffa700101d3179,0.0,0.51481664
292,2021-06-02 04:00:00+00:00,C005252,5fda36c5aaffa700101d3179,0.0,0.559925
293,2021-06-02 05:00:00+00:00,C005252,5fda36c5aaffa700101d3179,0.0,0.587125
294,2021-06-02 06:00:00+00:00,C005252,5fda36c5aaffa700101d3179,0.0,0.5918583
295,2021-06-02 07:00:00+00:00,C005252,5fda36c5aaffa700101d3179,0.0,0.587925
296,2021-06-02 08:00:00+00:00,C005252,5fda36c5aaffa700101d3179,0.0,0.6131091
297,2021-06-02 09:00:00+00:00,C005252,5fda36c5aaffa700101d3179,0.0,0.65326667
298,2021-06-02 10:00:00+00:00,C005252,5fda36c5aaffa700101d3179,0.0,0.67613333
299,2021-06-02 11:00:00+00:00,C005252,5fda36c5aaffa700101d3179,0.0,0.66241664
300,2021-06-02 12:00:00+00:00,C005252,5fda36c5aaffa700101d3179,0.0,0.61429167
301,2021-06-02 13:00:00+00:00,C005252,5fda36c5aaffa700101d3179,0.0,0.5425917
302,2021-06-02 14:00:00+00:00,C005252,5fda36c5aaffa700101d3179,0.0,0.48724166
303,2021-06-02 15:00:00+00:00,C005252,5fda36c5aaffa700101d3179,0.0,0.40495834
304,2021-06-02 16:00:00+00:00,C005252,5fda36c5aaffa700101d3179,0.0,0.36178333
305,2021-06-02 17:00:00+00:00,C005252,5fda36c5aaffa700101d3179,0.0,0.38051668
306,2021-06-02 18:00:00+00:00,C005252,5fda36c5aaffa700101d3179,0.0,0.36
307,2021-06-02 19:00:00+00:00,C005252,5fda36c5aaffa700101d3179,0.0,0.322225
308,2021-06-02 20:00:00+00:00,C005252,5fda36c5aaffa700101d3179,0.0,0.31888333
309,2021-06-02 21:00:00+00:00,C005252,5fda36c5aaffa700101d3179,0.0,0.30190834
310,2021-06-02 22:00:00+00:00,C005252,5fda36c5aaffa700101d3179,0.0,0.30549166
311,2021-06-02 23:00:00+00:00,C005252,5fda36c5aaffa700101d3179,0.0,0.26311666
312,2021-06-03 00:00:00+00:00,C005252,5fda36c5aaffa700101d3179,0.0,0.27549165
313,2021-06-03 01:00:00+00:00,C005252,5fda36c5aaffa700101d3179,0.0,0.312625
314,2021-06-03 02:00:00+00:00,C005252,5fda36c5aaffa700101d3179,0.0,0.335
315,2021-06-03 03:00:00+00:00,C005252,5fda36c5aaffa700101d3179,0.0,0.468775
316,2021-06-03 04:00:00+00:00,C005252,5fda36c5aaffa700101d3179,0.0,0.519925
317,2021-06-03 05:00:00+00:00,C005252,5fda36c5aaffa700101d3179,0.0,0.5443083
318,2021-06-03 06:00:00+00:00,C005252,5fda36c5aaffa700101d3179,0.0,0.5892
319,2021-06-03 07:00:00+00:00,C005252,5fda36c5aaffa700101d3179,0.0,0.6311
320,2021-06-03 08:00:00+00:00,C005252,5fda36c5aaffa700101d3179,0.0,0.6478583
321,2021-06-03 09:00:00+00:00,C005252,5fda36c5aaffa700101d3179,0.0,0.64161664
322,2021-06-03 10:00:00+00:00,C005252,5fda36c5aaffa700101d3179,0.0,0.64155835
323,2021-06-03 11:00:00+00:00,C005252,5fda36c5aaffa700101d3179,0.0,0.6375
324,2021-06-03 12:00:00+00:00,C005252,5fda36c5aaffa700101d3179,0.0,0.58614165
325,2021-06-03 13:00:00+00:00,C005252,5fda36c5aaffa700101d3179,0.0,0.5269727
326,2021-06-03 14:00:00+00:00,C005252,5fda36c5aaffa700101d3179,0.0,0.483975
327,2021-06-03 15:00:00+00:00,C005252,5fda36c5aaffa700101d3179,0.0,0.407775
328,2021-06-03 16:00:00+00:00,C005252,5fda36c5aaffa700101d3179,0.0,0.36403334
329,2021-06-03 17:00:00+00:00,C005252,5fda36c5aaffa700101d3179,0.0,0.33651668
330,2021-06-03 18:00:00+00:00,C005252,5fda36c5aaffa700101d3179,0.0,0.3187
331,2021-06-03 19:00:00+00:00,C005252,5fda36c5aaffa700101d3179,0.0,0.28894168
332,2021-06-03 20:00:00+00:00,C005252,5fda36c5aaffa700101d3179,0.0,0.29464167
333,2021-06-03 21:00:00+00:00,C005252,5fda36c5aaffa700101d3179,0.0,0.31079167
334,2021-06-03 22:00:00+00:00,C005252,5fda36c5aaffa700101d3179,0.0,0.29770833
335,2021-06-03 23:00:00+00:00,C005252,5fda36c5aaffa700101d3179,0.0,0.28726667
336,2021-06-04 00:00:00+00:00,C005252,5fda36c5aaffa700101d3179,0.0,0.29480833
337,2021-06-04 01:00:00+00:00,C005252,5fda36c5aaffa700101d3179,0.0,0.327625
338,2021-06-04 02:00:00+00:00,C005252,5fda36c5aaffa700101d3179,0.0,0.40768334
339,2021-06-04 03:00:00+00:00,C005252,5fda36c5aaffa700101d3179,0.0,0.57745
340,2021-06-04 04:00:00+00:00,C005252,5fda36c5aaffa700101d3179,0.0,0.6012083
341,2021-06-04 05:00:00+00:00,C005252,5fda36c5aaffa700101d3179,0.0,0.5689
342,2021-06-04 06:00:00+00:00,C005252,5fda36c5aaffa700101d3179,0.0,0.5624
343,2021-06-04 07:00:00+00:00,C005252,5fda36c5aaffa700101d3179,0.0,0.52560836
344,2021-06-04 08:00:00+00:00,C005252,5fda36c5aaffa700101d3179,0.0,0.5072917
345,2021-06-04 09:00:00+00:00,C005252,5fda36c5aaffa700101d3179,0.0,0.50596666
346,2021-06-04 10:00:00+00:00,C005252,5fda36c5aaffa700101d3179,0.0,0.47215
347,2021-06-04 11:00:00+00:00,C005252,5fda36c5aaffa700101d3179,0.0,0.5005583
348,2021-06-04 12:00:00+00:00,C005252,5fda36c5aaffa700101d3179,0.0,0.5409167
349,2021-06-04 13:00:00+00:00,C005252,5fda36c5aaffa700101d3179,0.0,0.5339083
350,2021-06-04 14:00:00+00:00,C005252,5fda36c5aaffa700101d3179,0.0,0.47915
351,2021-06-04 15:00:00+00:00,C005252,5fda36c5aaffa700101d3179,0.0,0.42318332
352,2021-06-04 16:00:00+00:00,C005252,5fda36c5aaffa700101d3179,0.0,0.37835
353,2021-06-04 17:00:00+00:00,C005252,5fda36c5aaffa700101d3179,0.0,0.3595
354,2021-06-04 18:00:00+00:00,C005252,5fda36c5aaffa700101d3179,0.0,0.34423333
355,2021-06-04 19:00:00+00:00,C005252,5fda36c5aaffa700101d3179,0.0,0.3329273
356,2021-06-04 20:00:00+00:00,C005252,5fda36c5aaffa700101d3179,0.0,0.316325
357,2021-06-04 21:00:00+00:00,C005252,5fda36c5aaffa700101d3179,0.0,0.29574168
358,2021-06-04 22:00:00+00:00,C005252,5fda36c5aaffa700101d3179,0.0,0.28525832
359,2021-06-04 23:00:00+00:00,C005252,5fda36c5aaffa700101d3179,0.0,0.286925
360,2021-06-05 00:00:00+00:00,C005252,5fda36c5aaffa700101d3179,0.0,0.31795833
361,2021-06-05 01:00:00+00:00,C005252,5fda36c5aaffa700101d3179,0.0,0.35945833
362,2021-06-05 02:00:00+00:00,C005252,5fda36c5aaffa700101d3179,0.0,0.39434168
363,2021-06-05 03:00:00+00:00,C005252,5fda36c5aaffa700101d3179,0.0,0.42818335
364,2021-06-05 04:00:00+00:00,C005252,5fda36c5aaffa700101d3179,0.0,0.474075
365,2021-06-05 05:00:00+00:00,C005252,5fda36c5aaffa700101d3179,0.0,0.5116917
366,2021-06-05 06:00:00+00:00,C005252,5fda36c5aaffa700101d3179,0.0,0.5520333
367,2021-06-05 07:00:00+00:00,C005252,5fda36c5aaffa700101d3179,0.0,0.590525
368,2021-06-05 08:00:00+00:00,C005252,5fda36c5aaffa700101d3179,0.0,0.61115
369,2021-06-05 09:00:00+00:00,C005252,5fda36c5aaffa700101d3179,0.0,0.63453335
370,2021-06-05 10:00:00+00:00,C005252,5fda36c5aaffa700101d3179,0.0,0.66823334
371,2021-06-05 11:00:00+00:00,C005252,5fda36c5aaffa700101d3179,0.0,0.67715836
372,2021-06-05 12:00:00+00:00,C005252,5fda36c5aaffa700101d3179,0.0,0.6810667
373,2021-06-05 13:00:00+00:00,C005252,5fda36c5aaffa700101d3179,0.0,0.66891664
374,2021-06-05 14:00:00+00:00,C005252,5fda36c5aaffa700101d3179,0.0,0.6263667
375,2021-06-05 15:00:00+00:00,C005252,5fda36c5aaffa700101d3179,0.0,0.537575
376,2021-06-05 16:00:00+00:00,C005252,5fda36c5aaffa700101d3179,0.0,0.5038667
377,2021-06-05 17:00:00+00:00,C005252,5fda36c5aaffa700101d3179,0.0,0.48668334
378,2021-06-05 18:00:00+00:00,C005252,5fda36c5aaffa700101d3179,0.0,0.45215
379,2021-06-05 19:00:00+00:00,C005252,5fda36c5aaffa700101d3179,0.0,0.4285
380,2021-06-05 20:00:00+00:00,C005252,5fda36c5aaffa700101d3179,0.0,0.402825
381,2021-06-05 21:00:00+00:00,C005252,5fda36c5aaffa700101d3179,0.0,0.39823332
382,2021-06-05 22:00:00+00:00,C005252,5fda36c5aaffa700101d3179,0.0,0.403
383,2021-06-05 23:00:00+00:00,C005252,5fda36c5aaffa700101d3179,0.0,0.4026
384,2021-06-06 00:00:00+00:00,C005252,5fda36c5aaffa700101d3179,0.0,0.42961666
385,2021-06-06 01:00:00+00:00,C005252,5fda36c5aaffa700101d3179,0.0,0.45611668
386,2021-06-06 02:00:00+00:00,C005252,5fda36c5aaffa700101d3179,0.0,0.47535455
387,2021-06-06 03:00:00+00:00,C005252,5fda36c5aaffa700101d3179,0.0,0.5121667
388,2021-06-06 04:00:00+00:00,C005252,5fda36c5aaffa700101d3179,0.0,0.5660333
389,2021-06-06 05:00:00+00:00,C005252,5fda36c5aaffa700101d3179,0.0,0.61159164
390,2021-06-06 06:00:00+00:00,C005252,5fda36c5aaffa700101d3179,0.0,0.6352
391,2021-06-06 07:00:00+00:00,C005252,5fda36c5aaffa700101d3179,0.0,0.66270834
392,2021-06-06 08:00:00+00:00,C005252,5fda36c5aaffa700101d3179,0.0,0.6768417
393,2021-06-06 09:00:00+00:00,C005252,5fda36c5aaffa700101d3179,0.0,0.7115
394,2021-06-06 10:00:00+00:00,C005252,5fda36c5aaffa700101d3179,0.0,0.72533333
395,2021-06-06 11:00:00+00:00,C005252,5fda36c5aaffa700101d3179,0.0,0.7264417
396,2021-06-06 12:00:00+00:00,C005252,5fda36c5aaffa700101d3179,0.0,0.69811666
397,2021-06-06 13:00:00+00:00,C005252,5fda36c5aaffa700101d3179,0.0,0.6549917
398,2021-06-06 14:00:00+00:00,C005252,5fda36c5aaffa700101d3179,0.0,0.6107583
399,2021-06-06 15:00:00+00:00,C005252,5fda36c5aaffa700101d3179,0.0,0.54825
400,2021-06-06 16:00:00+00:00,C005252,5fda36c5aaffa700101d3179,0.0,0.49230832
401,2021-06-06 17:00:00+00:00,C005252,5fda36c5aaffa700101d3179,0.0,0.46574166
402,2021-06-06 18:00:00+00:00,C005252,5fda36c5aaffa700101d3179,0.0,0.47433335
403,2021-06-06 19:00:00+00:00,C005252,5fda36c5aaffa700101d3179,0.0,0.47601667
404,2021-06-06 20:00:00+00:00,C005252,5fda36c5aaffa700101d3179,0.0,0.46275833
405,2021-06-06 21:00:00+00:00,C005252,5fda36c5aaffa700101d3179,0.0,0.45669165
406,2021-06-06 22:00:00+00:00,C005252,5fda36c5aaffa700101d3179,0.0,0.47100833
407,2021-06-06 23:00:00+00:00,C005252,5fda36c5aaffa700101d3179,0.0,0.5119917
408,2021-06-07 00:00:00+00:00,C005252,5fda36c5aaffa700101d3179,0.0,0.55239165
409,2021-06-07 01:00:00+00:00,C005252,5fda36c5aaffa700101d3179,0.0,0.5898333
410,2021-06-07 02:00:00+00:00,C005252,5fda36c5aaffa700101d3179,0.0,0.6231167
411,2021-06-07 03:00:00+00:00,C005252,5fda36c5aaffa700101d3179,0.0,0.6382833
412,2021-06-07 04:00:00+00:00,C005252,5fda36c5aaffa700101d3179,0.0,0.6597833
413,2021-06-07 05:00:00+00:00,C005252,5fda36c5aaffa700101d3179,0.0,0.6914833
414,2021-06-07 06:00:00+00:00,C005252,5fda36c5aaffa700101d3179,0.0,0.7132083
415,2021-06-07 07:00:00+00:00,C005252,5fda36c5aaffa700101d3179,0.0,0.7403727
416,2021-06-07 08:00:00+00:00,C005252,5fda36c5aaffa700101d3179,0.0,0.76636666
417,2021-06-07 09:00:00+00:00,C005252,5fda36c5aaffa700101d3179,0.0,0.78405833
418,2021-06-07 10:00:00+00:00,C005252,5fda36c5aaffa700101d3179,0.0,0.80475
419,2021-06-07 11:00:00+00:00,C005252,5fda36c5aaffa700101d3179,0.0,0.8167083
420,2021-06-07 12:00:00+00:00,C005252,5fda36c5aaffa700101d3179,0.0,0.8094917
421,2021-06-07 13:00:00+00:00,C005252,5fda36c5aaffa700101d3179,0.0,0.793675
422,2021-06-07 14:00:00+00:00,C005252,5fda36c5aaffa700101d3179,0.0,0.7638417
423,2021-06-07 15:00:00+00:00,C005252,5fda36c5aaffa700101d3179,0.0,0.7027
424,2021-06-07 16:00:00+00:00,C005252,5fda36c5aaffa700101d3179,0.0,0.6862917
425,2021-06-07 17:00:00+00:00,C005252,5fda36c5aaffa700101d3179,0.0,0.6213667
426,2021-06-07 18:00:00+00:00,C005252,5fda36c5aaffa700101d3179,0.0,0.609325
427,2021-06-07 19:00:00+00:00,C005252,5fda36c5aaffa700101d3179,0.0,0.6924667
428,2021-06-07 20:00:00+00:00,C005252,5fda36c5aaffa700101d3179,0.0,0.76418334
429,2021-06-07 21:00:00+00:00,C005252,5fda36c5aaffa700101d3179,0.0,0.8138833
430,2021-06-07 22:00:00+00:00,C005252,5fda36c5aaffa700101d3179,0.0,0.808875
431,2021-06-07 23:00:00+00:00,C005252,5fda36c5aaffa700101d3179,0.0,0.8111167
432,2021-06-08 00:00:00+00:00,C005252,5fda36c5aaffa700101d3179,0.0,0.779325
433,2021-06-08 01:00:00+00:00,C005252,5fda36c5aaffa700101d3179,0.0,0.77629167
434,2021-06-08 02:00:00+00:00,C005252,5fda36c5aaffa700101d3179,0.0,0.7969083
435,2021-06-08 03:00:00+00:00,C005252,5fda36c5aaffa700101d3179,0.0,0.831225
436,2021-06-08 04:00:00+00:00,C005252,5fda36c5aaffa700101d3179,0.0,0.84225833
437,2021-06-08 05:00:00+00:00,C005252,5fda36c5aaffa700101d3179,0.0,0.84834164
438,2021-06-08 06:00:00+00:00,C005252,5fda36c5aaffa700101d3179,0.0,0.8407417
439,2021-06-08 07:00:00+00:00,C005252,5fda36c5aaffa700101d3179,0.0,0.850575
440,2021-06-08 08:00:00+00:00,C005252,5fda36c5aaffa700101d3179,0.0,0.8538667
441,2021-06-08 09:00:00+00:00,C005252,5fda36c5aaffa700101d3179,0.0,0.867075
442,2021-06-08 10:00:00+00:00,C005252,5fda36c5aaffa700101d3179,0.0,0.8832091
443,2021-06-08 11:00:00+00:00,C005252,5fda36c5aaffa700101d3179,0.0,0.8465667
444,2021-06-08 12:00:00+00:00,C005252,5fda36c5aaffa700101d3179,0.0,0.79529166
445,2021-06-08 13:00:00+00:00,C005252,5fda36c5aaffa700101d3179,0.0,0.78688335
446,2021-06-08 14:00:00+00:00,C005252,5fda36c5aaffa700101d3179,0.0,0.75775
447,2021-06-08 15:00:00+00:00,C005252,5fda36c5aaffa700101d3179,0.0,0.68763334
448,2021-06-08 16:00:00+00:00,C005252,5fda36c5aaffa700101d3179,0.0,0.66665834
449,2021-06-08 17:00:00+00:00,C005252,5fda36c5aaffa700101d3179,0.0,0.62215835
450,2021-06-08 18:00:00+00:00,C005252,5fda36c5aaffa700101d3179,0.0,0.5844167
451,2021-06-08 19:00:00+00:00,C005252,5fda36c5aaffa700101d3179,0.0,0.5535333
452,2021-06-08 20:00:00+00:00,C005252,5fda36c5aaffa700101d3179,0.0,0.5324
453,2021-06-08 21:00:00+00:00,C005252,5fda36c5aaffa700101d3179,0.0,0.50185835
454,2021-06-08 22:00:00+00:00,C005252,5fda36c5aaffa700101d3179,0.0,0.51905
455,2021-06-08 23:00:00+00:00,C005252,5fda36c5aaffa700101d3179,0.0,0.500925
456,2021-06-09 00:00:00+00:00,C005252,5fda36c5aaffa700101d3179,0.0,0.62126666
457,2021-06-09 01:00:00+00:00,C005252,5fda36c5aaffa700101d3179,0.0,0.67164165
458,2021-06-09 02:00:00+00:00,C005252,5fda36c5aaffa700101d3179,0.0,0.65375
459,2021-06-09 03:00:00+00:00,C005252,5fda36c5aaffa700101d3179,0.0,0.6970583
460,2021-06-09 04:00:00+00:00,C005252,5fda36c5aaffa700101d3179,0.0,0.73501664
461,2021-06-09 05:00:00+00:00,C005252,5fda36c5aaffa700101d3179,0.0,0.7821583
462,2021-06-09 06:00:00+00:00,C005252,5fda36c5aaffa700101d3179,0.0,0.8264
463,2021-06-09 07:00:00+00:00,C005252,5fda36c5aaffa700101d3179,0.0,0.79735
464,2021-06-09 08:00:00+00:00,C005252,5fda36c5aaffa700101d3179,0.0,0.82921666
465,2021-06-09 09:00:00+00:00,C005252,5fda36c5aaffa700101d3179,0.0,0.8596333
466,2021-06-09 10:00:00+00:00,C005252,5fda36c5aaffa700101d3179,0.0,0.87083334
467,2021-06-09 11:00:00+00:00,C005252,5fda36c5aaffa700101d3179,0.0,0.8155
468,2021-06-09 12:00:00+00:00,C005252,5fda36c5aaffa700101d3179,0.0,0.76986665
469,2021-06-09 13:00:00+00:00,C005252,5fda36c5aaffa700101d3179,0.0,0.72335
470,2021-06-09 14:00:00+00:00,C005252,5fda36c5aaffa700101d3179,0.0,0.65506667
471,2021-06-09 15:00:00+00:00,C005252,5fda36c5aaffa700101d3179,0.0,0.63085836
472,2021-06-09 16:00:00+00:00,C005252,5fda36c5aaffa700101d3179,0.0,0.55960834
473,2021-06-09 17:00:00+00:00,C005252,5fda36c5aaffa700101d3179,0.0,0.50245
474,2021-06-09 18:00:00+00:00,C005252,5fda36c5aaffa700101d3179,0.0,0.51229167
475,2021-06-09 19:00:00+00:00,C005252,5fda36c5aaffa700101d3179,0.0,0.4929091
476,2021-06-09 20:00:00+00:00,C005252,5fda36c5aaffa700101d3179,0.0,0.48999166
477,2021-06-09 21:00:00+00:00,C005252,5fda36c5aaffa700101d3179,0.0,0.51875836
478,2021-06-09 22:00:00+00:00,C005252,5fda36c5aaffa700101d3179,0.0,0.553875
479,2021-06-09 23:00:00+00:00,C005252,5fda36c5aaffa700101d3179,0.0,0.5773417
480,2021-06-10 00:00:00+00:00,C005252,5fda36c5aaffa700101d3179,0.0,0.58660835
481,2021-06-10 01:00:00+00:00,C005252,5fda36c5aaffa700101d3179,0.0,0.61135834
482,2021-06-10 02:00:00+00:00,C005252,5fda36c5aaffa700101d3179,0.0,0.67683333
483,2021-06-10 03:00:00+00:00,C005252,5fda36c5aaffa700101d3179,0.0,0.7292
484,2021-06-10 04:00:00+00:00,C005252,5fda36c5aaffa700101d3179,0.0,0.77765834
485,2021-06-10 05:00:00+00:00,C005252,5fda36c5aaffa700101d3179,0.0,0.81724167
486,2021-06-10 06:00:00+00:00,C005252,5fda36c5aaffa700101d3179,0.0,0.82830834
487,2021-06-10 07:00:00+00:00,C005252,5fda36c5aaffa700101d3179,0.0,0.81784165
488,2021-06-10 08:00:00+00:00,C005252,5fda36c5aaffa700101d3179,0.0,0.83381665
489,2021-06-10 09:00:00+00:00,C005252,5fda36c5aaffa700101d3179,0.0,0.89748335
490,2021-06-10 10:00:00+00:00,C005252,5fda36c5aaffa700101d3179,0.06,0.9090667
491,2021-06-10 11:00:00+00:00,C005252,5fda36c5aaffa700101d3179,0.0,0.8430833
492,2021-06-10 12:00:00+00:00,C005252,5fda36c5aaffa700101d3179,0.0,0.7568333
493,2021-06-10 13:00:00+00:00,C005252,5fda36c5aaffa700101d3179,0.0,0.7076833
494,2021-06-10 14:00:00+00:00,C005252,5fda36c5aaffa700101d3179,0.0,0.6650917
495,2021-06-10 15:00:00+00:00,C005252,5fda36c5aaffa700101d3179,0.0,0.6355917
496,2021-06-10 16:00:00+00:00,C005252,5fda36c5aaffa700101d3179,0.0,0.56088334
497,2021-06-10 17:00:00+00:00,C005252,5fda36c5aaffa700101d3179,0.0,0.5014833
498,2021-06-10 18:00:00+00:00,C005252,5fda36c5aaffa700101d3179,0.0,0.48924166
499,2021-06-10 19:00:00+00:00,C005252,5fda36c5aaffa700101d3179,0.0,0.51104164
500,2021-06-10 20:00:00+00:00,C005252,5fda36c5aaffa700101d3179,0.0,0.48348334
501,2021-06-10 21:00:00+00:00,C005252,5fda36c5aaffa700101d3179,0.0,0.44024166
502,2021-06-10 22:00:00+00:00,C005252,5fda36c5aaffa700101d3179,0.0,0.445325
503,2021-06-10 23:00:00+00:00,C005252,5fda36c5aaffa700101d3179,0.0,0.448125
504,2021-06-11 00:00:00+00:00,C005252,5fda36c5aaffa700101d3179,0.0,0.44879165
505,2021-06-11 01:00:00+00:00,C005252,5fda36c5aaffa700101d3179,0.0,0.5740333
506,2021-06-11 02:00:00+00:00,C005252,5fda36c5aaffa700101d3179,0.0,0.621775
507,2021-06-11 03:00:00+00:00,C005252,5fda36c5aaffa700101d3179,0.0,0.6445
508,2021-06-11 04:00:00+00:00,C005252,5fda36c5aaffa700101d3179,0.0,0.67699164
509,2021-06-11 05:00:00+00:00,C005252,5fda36c5aaffa700101d3179,0.0,0.69878334
510,2021-06-11 06:00:00+00:00,C005252,5fda36c5aaffa700101d3179,0.0,0.71005833
511,2021-06-11 07:00:00+00:00,C005252,5fda36c5aaffa700101d3179,0.0,0.72076666
512,2021-06-11 08:00:00+00:00,C005252,5fda36c5aaffa700101d3179,0.0,0.7509
513,2021-06-11 09:00:00+00:00,C005252,5fda36c5aaffa700101d3179,0.0,0.7739
514,2021-06-11 10:00:00+00:00,C005252,5fda36c5aaffa700101d3179,0.0,0.809025
515,2021-06-11 11:00:00+00:00,C005252,5fda36c5aaffa700101d3179,0.0,0.787025
516,2021-06-11 12:00:00+00:00,C005252,5fda36c5aaffa700101d3179,0.0,0.75149167
517,2021-06-11 13:00:00+00:00,C005252,5fda36c5aaffa700101d3179,0.0,0.7269167
518,2021-06-11 14:00:00+00:00,C005252,5fda36c5aaffa700101d3179,0.0,0.67635
519,2021-06-11 15:00:00+00:00,C005252,5fda36c5aaffa700101d3179,0.0,0.61153334
520,2021-06-11 16:00:00+00:00,C005252,5fda36c5aaffa700101d3179,0.0,0.56970835
521,2021-06-11 17:00:00+00:00,C005252,5fda36c5aaffa700101d3179,0.0,0.540875
522,2021-06-11 18:00:00+00:00,C005252,5fda36c5aaffa700101d3179,0.0,0.498925
523,2021-06-11 19:00:00+00:00,C005252,5fda36c5aaffa700101d3179,0.0,0.5465
524,2021-06-11 20:00:00+00:00,C005252,5fda36c5aaffa700101d3179,0.0,0.60895
525,2021-06-11 21:00:00+00:00,C005252,5fda36c5aaffa700101d3179,0.0,0.6091833
526,2021-06-11 22:00:00+00:00,C005252,5fda36c5aaffa700101d3179,0.0,0.66968334
527,2021-06-11 23:00:00+00:00,C005252,5fda36c5aaffa700101d3179,0.0,0.73355836
528,2021-06-12 00:00:00+00:00,C005252,5fda36c5aaffa700101d3179,0.0,0.74771667
529,2021-06-12 01:00:00+00:00,C005252,5fda36c5aaffa700101d3179,0.0,0.73415834
530,2021-06-12 02:00:00+00:00,C005252,5fda36c5aaffa700101d3179,0.0,0.80095834
531,2021-06-12 03:00:00+00:00,C005252,5fda36c5aaffa700101d3179,0.0,0.8282083
532,2021-06-12 04:00:00+00:00,C005252,5fda36c5aaffa700101d3179,0.0,0.8323417
533,2021-06-12 05:00:00+00:00,C005252,5fda36c5aaffa700101d3179,0.0,0.8429083
534,2021-06-12 06:00:00+00:00,C005252,5fda36c5aaffa700101d3179,0.0,0.85744166
535,2021-06-12 07:00:00+00:00,C005252,5fda36c5aaffa700101d3179,0.0,0.8950167
536,2021-06-12 08:00:00+00:00,C005252,5fda36c5aaffa700101d3179,0.0,0.8653833
537,2021-06-12 09:00:00+00:00,C005252,5fda36c5aaffa700101d3179,0.0,0.84172726
538,2021-06-12 10:00:00+00:00,C005252,5fda36c5aaffa700101d3179,0.0,0.8352
539,2021-06-12 11:00:00+00:00,C005252,5fda36c5aaffa700101d3179,0.0,0.86878335
540,2021-06-12 12:00:00+00:00,C005252,5fda36c5aaffa700101d3179,0.0,0.84159166
541,2021-06-12 13:00:00+00:00,C005252,5fda36c5aaffa700101d3179,0.0,0.8178667
542,2021-06-12 14:00:00+00:00,C005252,5fda36c5aaffa700101d3179,0.0,0.7671083
543,2021-06-12 15:00:00+00:00,C005252,5fda36c5aaffa700101d3179,0.0,0.717675
544,2021-06-12 16:00:00+00:00,C005252,5fda36c5aaffa700101d3179,0.0,0.6736583
545,2021-06-12 17:00:00+00:00,C005252,5fda36c5aaffa700101d3179,0.0,0.61339164
546,2021-06-12 18:00:00+00:00,C005252,5fda36c5aaffa700101d3179,0.0,0.58168334
547,2021-06-12 19:00:00+00:00,C005252,5fda36c5aaffa700101d3179,0.0,0.51353335
548,2021-06-12 20:00:00+00:00,C005252,5fda36c5aaffa700101d3179,0.0,0.45723334
549,2021-06-12 21:00:00+00:00,C005252,5fda36c5aaffa700101d3179,0.0,0.42513335
550,2021-06-12 22:00:00+00:00,C005252,5fda36c5aaffa700101d3179,0.0,0.41211668
551,2021-06-12 23:00:00+00:00,C005252,5fda36c5aaffa700101d3179,0.0,0.40450832
552,2021-06-13 00:00:00+00:00,C005252,5fda36c5aaffa700101d3179,0.0,0.3937
553,2021-06-13 01:00:00+00:00,C005252,5fda36c5aaffa700101d3179,0.0,0.43071666
554,2021-06-13 02:00:00+00:00,C005252,5fda36c5aaffa700101d3179,0.0,0.477075
555,2021-06-13 03:00:00+00:00,C005252,5fda36c5aaffa700101d3179,0.0,0.51400834
556,2021-06-13 04:00:00+00:00,C005252,5fda36c5aaffa700101d3179,0.0,0.51934165
557,2021-06-13 05:00:00+00:00,C005252,5fda36c5aaffa700101d3179,0.0,0.5410917
558,2021-06-13 06:00:00+00:00,C005252,5fda36c5aaffa700101d3179,0.0,0.55290836
559,2021-06-13 07:00:00+00:00,C005252,5fda36c5aaffa700101d3179,0.0,0.56128335
560,2021-06-13 08:00:00+00:00,C005252,5fda36c5aaffa700101d3179,0.0,0.5915833
561,2021-06-13 09:00:00+00:00,C005252,5fda36c5aaffa700101d3179,0.0,0.5783917
562,2021-06-13 10:00:00+00:00,C005252,5fda36c5aaffa700101d3179,0.0,0.61865
563,2021-06-13 11:00:00+00:00,C005252,5fda36c5aaffa700101d3179,0.0,0.6166833
564,2021-06-13 12:00:00+00:00,C005252,5fda36c5aaffa700101d3179,0.0,0.6039417
565,2021-06-13 13:00:00+00:00,C005252,5fda36c5aaffa700101d3179,0.0,0.5698
566,2021-06-13 14:00:00+00:00,C005252,5fda36c5aaffa700101d3179,0.0,0.5444
567,2021-06-13 15:00:00+00:00,C005252,5fda36c5aaffa700101d3179,0.0,0.4167909
568,2021-06-13 16:00:00+00:00,C005252,5fda36c5aaffa700101d3179,0.0,0.3776
569,2021-06-13 17:00:00+00:00,C005252,5fda36c5aaffa700101d3179,0.0,0.3682
570,2021-06-13 18:00:00+00:00,C005252,5fda36c5aaffa700101d3179,0.0,0.36090833
571,2021-06-13 19:00:00+00:00,C005252,5fda36c5aaffa700101d3179,0.0,0.35285
572,2021-06-13 20:00:00+00:00,C005252,5fda36c5aaffa700101d3179,0.0,0.34405
573,2021-06-13 21:00:00+00:00,C005252,5fda36c5aaffa700101d3179,0.0,0.3363
574,2021-06-13 22:00:00+00:00,C005252,5fda36c5aaffa700101d3179,0.0,0.33420834
575,2021-06-13 23:00:00+00:00,C005252,5fda36c5aaffa700101d3179,0.0,0.31765
576,2021-06-14 00:00:00+00:00,C005252,5fda36c5aaffa700101d3179,0.0,0.335275
577,2021-06-14 01:00:00+00:00,C005252,5fda36c5aaffa700101d3179,0.0,0.35780832
578,2021-06-14 02:00:00+00:00,C005252,5fda36c5aaffa700101d3179,0.0,0.40983334
579,2021-06-14 03:00:00+00:00,C005252,5fda36c5aaffa700101d3179,0.0,0.43610832
580,2021-06-14 04:00:00+00:00,C005252,5fda36c5aaffa700101d3179,0.0,0.42698333
581,2021-06-14 05:00:00+00:00,C005252,5fda36c5aaffa700101d3179,0.0,0.4499
582,2021-06-14 06:00:00+00:00,C005252,5fda36c5aaffa700101d3179,0.0,0.48455834
583,2021-06-14 07:00:00+00:00,C005252,5fda36c5aaffa700101d3179,0.0,0.720575
584,2021-06-14 08:00:00+00:00,C005252,5fda36c5aaffa700101d3179,0.0,0.79344165
585,2021-06-14 09:00:00+00:00,C005252,5fda36c5aaffa700101d3179,0.0,0.7975
586,2021-06-14 10:00:00+00:00,C005252,5fda36c5aaffa700101d3179,0.0,0.8071333
587,2021-06-14 11:00:00+00:00,C005252,5fda36c5aaffa700101d3179,0.0,0.8015
588,2021-06-14 12:00:00+00:00,C005252,5fda36c5aaffa700101d3179,0.0,0.77238333
589,2021-06-14 13:00:00+00:00,C005252,5fda36c5aaffa700101d3179,0.0,0.71615
590,2021-06-14 14:00:00+00:00,C005252,5fda36c5aaffa700101d3179,0.0,0.6433
591,2021-06-14 15:00:00+00:00,C005252,5fda36c5aaffa700101d3179,0.0,0.59339166
592,2021-06-14 16:00:00+00:00,C005252,5fda36c5aaffa700101d3179,0.0,0.46829167
593,2021-06-14 17:00:00+00:00,C005252,5fda36c5aaffa700101d3179,0.0,0.3824
594,2021-06-14 18:00:00+00:00,C005252,5fda36c5aaffa700101d3179,0.0,0.38705835
595,2021-06-14 19:00:00+00:00,C005252,5fda36c5aaffa700101d3179,0.0,0.3849
596,2021-06-14 20:00:00+00:00,C005252,5fda36c5aaffa700101d3179,0.0,0.37803334
597,2021-06-14 21:00:00+00:00,C005252,5fda36c5aaffa700101d3179,0.0,0.38506666
598,2021-06-14 22:00:00+00:00,C005252,5fda36c5aaffa700101d3179,0.0,0.38468182
599,2021-06-14 23:00:00+00:00,C005252,5fda36c5aaffa700101d3179,0.0,0.387925
600,2021-06-15 00:00:00+00:00,C005252,5fda36c5aaffa700101d3179,0.0,0.42151666
601,2021-06-15 01:00:00+00:00,C005252,5fda36c5aaffa700101d3179,0.0,0.488675
602,2021-06-15 02:00:00+00:00,C005252,5fda36c5aaffa700101d3179,0.0,0.50955
603,2021-06-15 03:00:00+00:00,C005252,5fda36c5aaffa700101d3179,0.0,0.54973334
604,2021-06-15 04:00:00+00:00,C005252,5fda36c5aaffa700101d3179,0.0,0.54981667
605,2021-06-15 05:00:00+00:00,C005252,5fda36c5aaffa700101d3179,0.0,0.5730417
606,2021-06-15 06:00:00+00:00,C005252,5fda36c5aaffa700101d3179,0.0,0.5924
607,2021-06-15 07:00:00+00:00,C005252,5fda36c5aaffa700101d3179,0.0,0.6432
608,2021-06-15 08:00:00+00:00,C005252,5fda36c5aaffa700101d3179,0.0,0.7235917
609,2021-06-15 09:00:00+00:00,C005252,5fda36c5aaffa700101d3179,0.0,0.6668583
610,2021-06-15 10:00:00+00:00,C005252,5fda36c5aaffa700101d3179,0.0,0.6562167
611,2021-06-15 11:00:00+00:00,C005252,5fda36c5aaffa700101d3179,0.0,0.6110333
612,2021-06-15 12:00:00+00:00,C005252,5fda36c5aaffa700101d3179,0.0,0.6070833
613,2021-06-15 13:00:00+00:00,C005252,5fda36c5aaffa700101d3179,0.0,0.5897833
614,2021-06-15 14:00:00+00:00,C005252,5fda36c5aaffa700101d3179,0.0,0.5537417
615,2021-06-15 15:00:00+00:00,C005252,5fda36c5aaffa700101d3179,0.0,0.46775
616,2021-06-15 16:00:00+00:00,C005252,5fda36c5aaffa700101d3179,0.0,0.44559166
617,2021-06-15 17:00:00+00:00,C005252,5fda36c5aaffa700101d3179,0.0,0.43916667
618,2021-06-15 18:00:00+00:00,C005252,5fda36c5aaffa700101d3179,0.0,0.43890834
619,2021-06-15 19:00:00+00:00,C005252,5fda36c5aaffa700101d3179,0.0,0.43709168
620,2021-06-15 20:00:00+00:00,C005252,5fda36c5aaffa700101d3179,0.0,0.420525
621,2021-06-15 21:00:00+00:00,C005252,5fda36c5aaffa700101d3179,0.0,0.41249168
622,2021-06-15 22:00:00+00:00,C005252,5fda36c5aaffa700101d3179,0.0,0.4263
623,2021-06-15 23:00:00+00:00,C005252,5fda36c5aaffa700101d3179,0.0,0.44305
624,2021-06-16 00:00:00+00:00,C005252,5fda36c5aaffa700101d3179,0.0,0.44960833
625,2021-06-16 01:00:00+00:00,C005252,5fda36c5aaffa700101d3179,0.0,0.5185583
626,2021-06-16 02:00:00+00:00,C005252,5fda36c5aaffa700101d3179,0.0,0.55680835
627,2021-06-16 03:00:00+00:00,C005252,5fda36c5aaffa700101d3179,0.0,0.5393818
628,2021-06-16 04:00:00+00:00,C005252,5fda36c5aaffa700101d3179,0.0,0.51958334
629,2021-06-16 05:00:00+00:00,C005252,5fda36c5aaffa700101d3179,0.0,0.50276667
630,2021-06-16 06:00:00+00:00,C005252,5fda36c5aaffa700101d3179,0.0,0.5448083
631,2021-06-16 07:00:00+00:00,C005252,5fda36c5aaffa700101d3179,0.0,0.5504083
632,2021-06-16 08:00:00+00:00,C005252,5fda36c5aaffa700101d3179,0.0,0.515125
633,2021-06-16 09:00:00+00:00,C005252,5fda36c5aaffa700101d3179,0.0,0.5095083
634,2021-06-16 10:00:00+00:00,C005252,5fda36c5aaffa700101d3179,0.0,0.52804166
635,2021-06-16 11:00:00+00:00,C005252,5fda36c5aaffa700101d3179,0.0,0.529
636,2021-06-16 12:00:00+00:00,C005252,5fda36c5aaffa700101d3179,0.0,0.553475
637,2021-06-16 13:00:00+00:00,C005252,5fda36c5aaffa700101d3179,0.0,0.51091665
638,2021-06-16 14:00:00+00:00,C005252,5fda36c5aaffa700101d3179,0.0,0.4318
639,2021-06-16 15:00:00+00:00,C005252,5fda36c5aaffa700101d3179,0.0,0.346325
640,2021-06-16 16:00:00+00:00,C005252,5fda36c5aaffa700101d3179,0.0,0.3319
641,2021-06-16 17:00:00+00:00,C005252,5fda36c5aaffa700101d3179,0.0,0.3566
642,2021-06-16 18:00:00+00:00,C005252,5fda36c5aaffa700101d3179,0.0,0.36769167
643,2021-06-16 19:00:00+00:00,C005252,5fda36c5aaffa700101d3179,0.0,0.37434167
644,2021-06-16 20:00:00+00:00,C005252,5fda36c5aaffa700101d3179,0.0,0.393175
645,2021-06-16 21:00:00+00:00,C005252,5fda36c5aaffa700101d3179,0.0,0.37875834
646,2021-06-16 22:00:00+00:00,C005252,5fda36c5aaffa700101d3179,0.0,0.36286667
647,2021-06-16 23:00:00+00:00,C005252,5fda36c5aaffa700101d3179,0.0,0.37284166
0,2021-05-21 00:00:00+00:00,C004251,5f7f8ff9564a4c000ebcb41f,0.0,0.477025
1,2021-05-21 01:00:00+00:00,C004251,5f7f8ff9564a4c000ebcb41f,0.0,0.53713334
2,2021-05-21 02:00:00+00:00,C004251,5f7f8ff9564a4c000ebcb41f,0.0,0.6036583
3,2021-05-21 03:00:00+00:00,C004251,5f7f8ff9564a4c000ebcb41f,0.0,0.6854727
4,2021-05-21 04:00:00+00:00,C004251,5f7f8ff9564a4c000ebcb41f,0.0,0.72581667
5,2021-05-21 05:00:00+00:00,C004251,5f7f8ff9564a4c000ebcb41f,0.0,0.76555
6,2021-05-21 06:00:00+00:00,C004251,5f7f8ff9564a4c000ebcb41f,0.0,0.79765
7,2021-05-21 07:00:00+00:00,C004251,5f7f8ff9564a4c000ebcb41f,0.0,0.7698333
8,2021-05-21 08:00:00+00:00,C004251,5f7f8ff9564a4c000ebcb41f,0.0,0.79501665
9,2021-05-21 09:00:00+00:00,C004251,5f7f8ff9564a4c000ebcb41f,0.0,0.8186333
10,2021-05-21 10:00:00+00:00,C004251,5f7f8ff9564a4c000ebcb41f,0.0,0.8529
11,2021-05-21 11:00:00+00:00,C004251,5f7f8ff9564a4c000ebcb41f,0.0,0.8715
12,2021-05-21 12:00:00+00:00,C004251,5f7f8ff9564a4c000ebcb41f,0.0,0.863325
13,2021-05-21 13:00:00+00:00,C004251,5f7f8ff9564a4c000ebcb41f,0.0,0.829025
14,2021-05-21 14:00:00+00:00,C004251,5f7f8ff9564a4c000ebcb41f,0.0,0.52507275
15,2021-05-21 15:00:00+00:00,C004251,5f7f8ff9564a4c000ebcb41f,0.0,0.44525832
16,2021-05-21 16:00:00+00:00,C004251,5f7f8ff9564a4c000ebcb41f,0.0,0.420325
17,2021-05-21 17:00:00+00:00,C004251,5f7f8ff9564a4c000ebcb41f,0.0,0.39035
18,2021-05-21 18:00:00+00:00,C004251,5f7f8ff9564a4c000ebcb41f,0.0,0.343575
19,2021-05-21 19:00:00+00:00,C004251,5f7f8ff9564a4c000ebcb41f,0.0,0.324725
20,2021-05-21 20:00:00+00:00,C004251,5f7f8ff9564a4c000ebcb41f,0.0,0.29860833
21,2021-05-21 21:00:00+00:00,C004251,5f7f8ff9564a4c000ebcb41f,0.0,0.29070833
22,2021-05-21 22:00:00+00:00,C004251,5f7f8ff9564a4c000ebcb41f,0.0,0.3167
23,2021-05-21 23:00:00+00:00,C004251,5f7f8ff9564a4c000ebcb41f,0.0,0.33611667
24,2021-05-22 00:00:00+00:00,C004251,5f7f8ff9564a4c000ebcb41f,0.0,0.40143332
25,2021-05-22 01:00:00+00:00,C004251,5f7f8ff9564a4c000ebcb41f,0.0,0.48558334
26,2021-05-22 02:00:00+00:00,C004251,5f7f8ff9564a4c000ebcb41f,0.0,0.515375
27,2021-05-22 03:00:00+00:00,C004251,5f7f8ff9564a4c000ebcb41f,0.0,0.6006
28,2021-05-22 04:00:00+00:00,C004251,5f7f8ff9564a4c000ebcb41f,0.0,0.73065
29,2021-05-22 05:00:00+00:00,C004251,5f7f8ff9564a4c000ebcb41f,0.0,0.8032917
30,2021-05-22 06:00:00+00:00,C004251,5f7f8ff9564a4c000ebcb41f,0.0,0.78883636
31,2021-05-22 07:00:00+00:00,C004251,5f7f8ff9564a4c000ebcb41f,0.0,0.82926667
32,2021-05-22 08:00:00+00:00,C004251,5f7f8ff9564a4c000ebcb41f,0.0,0.85965
33,2021-05-22 09:00:00+00:00,C004251,5f7f8ff9564a4c000ebcb41f,0.0,0.8552833
34,2021-05-22 10:00:00+00:00,C004251,5f7f8ff9564a4c000ebcb41f,0.0,0.9130167
35,2021-05-22 11:00:00+00:00,C004251,5f7f8ff9564a4c000ebcb41f,0.0,0.940025
36,2021-05-22 12:00:00+00:00,C004251,5f7f8ff9564a4c000ebcb41f,0.0,0.93674165
37,2021-05-22 13:00:00+00:00,C004251,5f7f8ff9564a4c000ebcb41f,0.0,0.81666666
38,2021-05-22 14:00:00+00:00,C004251,5f7f8ff9564a4c000ebcb41f,0.0,0.714025
39,2021-05-22 15:00:00+00:00,C004251,5f7f8ff9564a4c000ebcb41f,0.0,0.5903417
40,2021-05-22 16:00:00+00:00,C004251,5f7f8ff9564a4c000ebcb41f,0.0,0.51549166
41,2021-05-22 17:00:00+00:00,C004251,5f7f8ff9564a4c000ebcb41f,0.0,0.50916666
42,2021-05-22 18:00:00+00:00,C004251,5f7f8ff9564a4c000ebcb41f,0.0,0.45363334
43,2021-05-22 19:00:00+00:00,C004251,5f7f8ff9564a4c000ebcb41f,0.0,0.435
44,2021-05-22 20:00:00+00:00,C004251,5f7f8ff9564a4c000ebcb41f,0.0,0.40503332
45,2021-05-22 21:00:00+00:00,C004251,5f7f8ff9564a4c000ebcb41f,0.0,0.45198333
46,2021-05-22 22:00:00+00:00,C004251,5f7f8ff9564a4c000ebcb41f,0.0,0.422575
47,2021-05-22 23:00:00+00:00,C004251,5f7f8ff9564a4c000ebcb41f,0.0,0.35326666
48,2021-05-23 00:00:00+00:00,C004251,5f7f8ff9564a4c000ebcb41f,0.0,0.38085833
49,2021-05-23 01:00:00+00:00,C004251,5f7f8ff9564a4c000ebcb41f,0.0,0.48296666
50,2021-05-23 02:00:00+00:00,C004251,5f7f8ff9564a4c000ebcb41f,0.0,0.5598083
51,2021-05-23 03:00:00+00:00,C004251,5f7f8ff9564a4c000ebcb41f,0.0,0.729525
52,2021-05-23 04:00:00+00:00,C004251,5f7f8ff9564a4c000ebcb41f,0.0,0.77155
53,2021-05-23 05:00:00+00:00,C004251,5f7f8ff9564a4c000ebcb41f,0.0,0.863275
54,2021-05-23 06:00:00+00:00,C004251,5f7f8ff9564a4c000ebcb41f,0.0,0.9084917
55,2021-05-23 07:00:00+00:00,C004251,5f7f8ff9564a4c000ebcb41f,0.0,0.85476667
56,2021-05-23 08:00:00+00:00,C004251,5f7f8ff9564a4c000ebcb41f,0.0,0.8448
57,2021-05-23 09:00:00+00:00,C004251,5f7f8ff9564a4c000ebcb41f,0.0,0.8992083
58,2021-05-23 10:00:00+00:00,C004251,5f7f8ff9564a4c000ebcb41f,0.0,0.93637276
59,2021-05-23 11:00:00+00:00,C004251,5f7f8ff9564a4c000ebcb41f,0.0,0.901075
60,2021-05-23 12:00:00+00:00,C004251,5f7f8ff9564a4c000ebcb41f,0.0,0.94231665
61,2021-05-23 13:00:00+00:00,C004251,5f7f8ff9564a4c000ebcb41f,0.0,0.9231667
62,2021-05-23 14:00:00+00:00,C004251,5f7f8ff9564a4c000ebcb41f,0.0,0.7077417
63,2021-05-23 15:00:00+00:00,C004251,5f7f8ff9564a4c000ebcb41f,0.0,0.589975
64,2021-05-23 16:00:00+00:00,C004251,5f7f8ff9564a4c000ebcb41f,0.0,0.5343
65,2021-05-23 17:00:00+00:00,C004251,5f7f8ff9564a4c000ebcb41f,0.0,0.53329164
66,2021-05-23 18:00:00+00:00,C004251,5f7f8ff9564a4c000ebcb41f,0.0,0.468525
67,2021-05-23 19:00:00+00:00,C004251,5f7f8ff9564a4c000ebcb41f,0.0,0.42660832
68,2021-05-23 20:00:00+00:00,C004251,5f7f8ff9564a4c000ebcb41f,0.0,0.39978334
69,2021-05-23 21:00:00+00:00,C004251,5f7f8ff9564a4c000ebcb41f,0.0,0.40661666
70,2021-05-23 22:00:00+00:00,C004251,5f7f8ff9564a4c000ebcb41f,0.0,0.43569165
71,2021-05-23 23:00:00+00:00,C004251,5f7f8ff9564a4c000ebcb41f,0.0,0.45369166
72,2021-05-24 00:00:00+00:00,C004251,5f7f8ff9564a4c000ebcb41f,0.0,0.5287
73,2021-05-24 01:00:00+00:00,C004251,5f7f8ff9564a4c000ebcb41f,0.0,0.64208335
74,2021-05-24 02:00:00+00:00,C004251,5f7f8ff9564a4c000ebcb41f,0.0,0.68341815
75,2021-05-24 03:00:00+00:00,C004251,5f7f8ff9564a4c000ebcb41f,0.0,0.76893336
76,2021-05-24 04:00:00+00:00,C004251,5f7f8ff9564a4c000ebcb41f,0.0,0.82855
77,2021-05-24 05:00:00+00:00,C004251,5f7f8ff9564a4c000ebcb41f,0.0,0.8637
78,2021-05-24 06:00:00+00:00,C004251,5f7f8ff9564a4c000ebcb41f,0.0,0.92366666
79,2021-05-24 07:00:00+00:00,C004251,5f7f8ff9564a4c000ebcb41f,0.09,0.954425
80,2021-05-24 08:00:00+00:00,C004251,5f7f8ff9564a4c000ebcb41f,0.0,0.9657083
81,2021-05-24 09:00:00+00:00,C004251,5f7f8ff9564a4c000ebcb41f,0.05,0.9708
82,2021-05-24 10:00:00+00:00,C004251,5f7f8ff9564a4c000ebcb41f,0.0,0.974675
83,2021-05-24 11:00:00+00:00,C004251,5f7f8ff9564a4c000ebcb41f,0.0,0.9799833
84,2021-05-24 12:00:00+00:00,C004251,5f7f8ff9564a4c000ebcb41f,0.0,0.9834333
85,2021-05-24 13:00:00+00:00,C004251,5f7f8ff9564a4c000ebcb41f,0.0,0.9664091
86,2021-05-24 14:00:00+00:00,C004251,5f7f8ff9564a4c000ebcb41f,0.0,0.8678333
87,2021-05-24 15:00:00+00:00,C004251,5f7f8ff9564a4c000ebcb41f,0.0,0.77905
88,2021-05-24 16:00:00+00:00,C004251,5f7f8ff9564a4c000ebcb41f,0.0,0.669775
89,2021-05-24 17:00:00+00:00,C004251,5f7f8ff9564a4c000ebcb41f,0.0,0.58109164
90,2021-05-24 18:00:00+00:00,C004251,5f7f8ff9564a4c000ebcb41f,0.0,0.56261665
91,2021-05-24 19:00:00+00:00,C004251,5f7f8ff9564a4c000ebcb41f,0.0,0.5206917
92,2021-05-24 20:00:00+00:00,C004251,5f7f8ff9564a4c000ebcb41f,0.0,0.4935
93,2021-05-24 21:00:00+00:00,C004251,5f7f8ff9564a4c000ebcb41f,0.0,0.4618
94,2021-05-24 22:00:00+00:00,C004251,5f7f8ff9564a4c000ebcb41f,0.0,0.4886
95,2021-05-24 23:00:00+00:00,C004251,5f7f8ff9564a4c000ebcb41f,0.0,0.49424165
96,2021-05-25 00:00:00+00:00,C004251,5f7f8ff9564a4c000ebcb41f,0.0,0.481275
97,2021-05-25 01:00:00+00:00,C004251,5f7f8ff9564a4c000ebcb41f,0.0,0.5487667
98,2021-05-25 02:00:00+00:00,C004251,5f7f8ff9564a4c000ebcb41f,0.0,0.6263083
99,2021-05-25 03:00:00+00:00,C004251,5f7f8ff9564a4c000ebcb41f,0.0,0.7064833
100,2021-05-25 04:00:00+00:00,C004251,5f7f8ff9564a4c000ebcb41f,0.0,0.760475
101,2021-05-25 05:00:00+00:00,C004251,5f7f8ff9564a4c000ebcb41f,0.0,0.79585
102,2021-05-25 06:00:00+00:00,C004251,5f7f8ff9564a4c000ebcb41f,0.0,0.83573633
103,2021-05-25 07:00:00+00:00,C004251,5f7f8ff9564a4c000ebcb41f,0.0,0.89848334
104,2021-05-25 08:00:00+00:00,C004251,5f7f8ff9564a4c000ebcb41f,0.0,0.94056666
105,2021-05-25 09:00:00+00:00,C004251,5f7f8ff9564a4c000ebcb41f,0.0,0.9577583
106,2021-05-25 10:00:00+00:00,C004251,5f7f8ff9564a4c000ebcb41f,0.0,0.9684833
107,2021-05-25 11:00:00+00:00,C004251,5f7f8ff9564a4c000ebcb41f,0.0,0.9613583
108,2021-05-25 12:00:00+00:00,C004251,5f7f8ff9564a4c000ebcb41f,0.0,0.94975
109,2021-05-25 13:00:00+00:00,C004251,5f7f8ff9564a4c000ebcb41f,0.0,0.935225
110,2021-05-25 14:00:00+00:00,C004251,5f7f8ff9564a4c000ebcb41f,0.0,0.77348334
111,2021-05-25 15:00:00+00:00,C004251,5f7f8ff9564a4c000ebcb41f,0.0,0.60124165
112,2021-05-25 16:00:00+00:00,C004251,5f7f8ff9564a4c000ebcb41f,0.0,0.50808334
113,2021-05-25 17:00:00+00:00,C004251,5f7f8ff9564a4c000ebcb41f,0.0,0.47613335
114,2021-05-25 18:00:00+00:00,C004251,5f7f8ff9564a4c000ebcb41f,0.0,0.433225
115,2021-05-25 19:00:00+00:00,C004251,5f7f8ff9564a4c000ebcb41f,0.0,0.435575
116,2021-05-25 20:00:00+00:00,C004251,5f7f8ff9564a4c000ebcb41f,0.0,0.44075453
117,2021-05-25 21:00:00+00:00,C004251,5f7f8ff9564a4c000ebcb41f,0.0,0.447775
118,2021-05-25 22:00:00+00:00,C004251,5f7f8ff9564a4c000ebcb41f,0.0,0.44285
119,2021-05-25 23:00:00+00:00,C004251,5f7f8ff9564a4c000ebcb41f,0.0,0.44681665
120,2021-05-26 00:00:00+00:00,C004251,5f7f8ff9564a4c000ebcb41f,0.0,0.50555
121,2021-05-26 01:00:00+00:00,C004251,5f7f8ff9564a4c000ebcb41f,0.0,0.56511664
122,2021-05-26 02:00:00+00:00,C004251,5f7f8ff9564a4c000ebcb41f,0.0,0.6108
123,2021-05-26 03:00:00+00:00,C004251,5f7f8ff9564a4c000ebcb41f,0.0,0.68459165
124,2021-05-26 04:00:00+00:00,C004251,5f7f8ff9564a4c000ebcb41f,0.0,0.72315
125,2021-05-26 05:00:00+00:00,C004251,5f7f8ff9564a4c000ebcb41f,0.0,0.8097917
126,2021-05-26 06:00:00+00:00,C004251,5f7f8ff9564a4c000ebcb41f,0.0,0.8762
127,2021-05-26 07:00:00+00:00,C004251,5f7f8ff9564a4c000ebcb41f,0.0,0.93644166
128,2021-05-26 08:00:00+00:00,C004251,5f7f8ff9564a4c000ebcb41f,0.0,0.9547833
129,2021-05-26 09:00:00+00:00,C004251,5f7f8ff9564a4c000ebcb41f,0.0,0.9589583
130,2021-05-26 10:00:00+00:00,C004251,5f7f8ff9564a4c000ebcb41f,0.0,0.9679
131,2021-05-26 11:00:00+00:00,C004251,5f7f8ff9564a4c000ebcb41f,0.0,0.97361666
132,2021-05-26 12:00:00+00:00,C004251,5f7f8ff9564a4c000ebcb41f,0.0,0.97643334
133,2021-05-26 13:00:00+00:00,C004251,5f7f8ff9564a4c000ebcb41f,0.0,0.9799917
134,2021-05-26 14:00:00+00:00,C004251,5f7f8ff9564a4c000ebcb41f,0.0,0.72726667
135,2021-05-26 15:00:00+00:00,C004251,5f7f8ff9564a4c000ebcb41f,0.0,0.61105
136,2021-05-26 16:00:00+00:00,C004251,5f7f8ff9564a4c000ebcb41f,0.0,0.599775
137,2021-05-26 17:00:00+00:00,C004251,5f7f8ff9564a4c000ebcb41f,0.0,0.5298333
138,2021-05-26 18:00:00+00:00,C004251,5f7f8ff9564a4c000ebcb41f,0.0,0.485225
139,2021-05-26 19:00:00+00:00,C004251,5f7f8ff9564a4c000ebcb41f,0.0,0.4666
140,2021-05-26 20:00:00+00:00,C004251,5f7f8ff9564a4c000ebcb41f,0.0,0.489275
141,2021-05-26 21:00:00+00:00,C004251,5f7f8ff9564a4c000ebcb41f,0.0,0.48161668
142,2021-05-26 22:00:00+00:00,C004251,5f7f8ff9564a4c000ebcb41f,0.0,0.49684167
143,2021-05-26 23:00:00+00:00,C004251,5f7f8ff9564a4c000ebcb41f,0.0,0.49815834
144,2021-05-27 00:00:00+00:00,C004251,5f7f8ff9564a4c000ebcb41f,0.0,0.5848
145,2021-05-27 01:00:00+00:00,C004251,5f7f8ff9564a4c000ebcb41f,0.0,0.610175
146,2021-05-27 02:00:00+00:00,C004251,5f7f8ff9564a4c000ebcb41f,0.0,0.6523
147,2021-05-27 03:00:00+00:00,C004251,5f7f8ff9564a4c000ebcb41f,0.0,0.72906667
148,2021-05-27 04:00:00+00:00,C004251,5f7f8ff9564a4c000ebcb41f,0.0,0.76415
149,2021-05-27 05:00:00+00:00,C004251,5f7f8ff9564a4c000ebcb41f,0.0,0.821675
150,2021-05-27 06:00:00+00:00,C004251,5f7f8ff9564a4c000ebcb41f,0.0,0.87018335
151,2021-05-27 07:00:00+00:00,C004251,5f7f8ff9564a4c000ebcb41f,0.0,0.9216167
152,2021-05-27 08:00:00+00:00,C004251,5f7f8ff9564a4c000ebcb41f,0.0,0.9367333
153,2021-05-27 09:00:00+00:00,C004251,5f7f8ff9564a4c000ebcb41f,0.0,0.93830836
154,2021-05-27 10:00:00+00:00,C004251,5f7f8ff9564a4c000ebcb41f,0.0,0.92796665
155,2021-05-27 11:00:00+00:00,C004251,5f7f8ff9564a4c000ebcb41f,0.0,0.950925
156,2021-05-27 12:00:00+00:00,C004251,5f7f8ff9564a4c000ebcb41f,0.03,0.958075
157,2021-05-27 13:00:00+00:00,C004251,5f7f8ff9564a4c000ebcb41f,0.0,0.93503636
158,2021-05-27 14:00:00+00:00,C004251,5f7f8ff9564a4c000ebcb41f,0.0,0.7515
159,2021-05-27 15:00:00+00:00,C004251,5f7f8ff9564a4c000ebcb41f,0.0,0.5892
160,2021-05-27 16:00:00+00:00,C004251,5f7f8ff9564a4c000ebcb41f,0.0,0.48175
161,2021-05-27 17:00:00+00:00,C004251,5f7f8ff9564a4c000ebcb41f,0.0,0.4661
162,2021-05-27 18:00:00+00:00,C004251,5f7f8ff9564a4c000ebcb41f,0.0,0.41515
163,2021-05-27 19:00:00+00:00,C004251,5f7f8ff9564a4c000ebcb41f,0.0,0.40155834
164,2021-05-27 20:00:00+00:00,C004251,5f7f8ff9564a4c000ebcb41f,0.0,0.44685
165,2021-05-27 21:00:00+00:00,C004251,5f7f8ff9564a4c000ebcb41f,0.0,0.42945
166,2021-05-27 22:00:00+00:00,C004251,5f7f8ff9564a4c000ebcb41f,0.0,0.45484167
167,2021-05-27 23:00:00+00:00,C004251,5f7f8ff9564a4c000ebcb41f,0.0,0.51066667
168,2021-05-28 00:00:00+00:00,C004251,5f7f8ff9564a4c000ebcb41f,0.0,0.5831
169,2021-05-28 01:00:00+00:00,C004251,5f7f8ff9564a4c000ebcb41f,0.0,0.67715836
170,2021-05-28 02:00:00+00:00,C004251,5f7f8ff9564a4c000ebcb41f,0.0,0.7387667
171,2021-05-28 03:00:00+00:00,C004251,5f7f8ff9564a4c000ebcb41f,0.0,0.80223334
172,2021-05-28 04:00:00+00:00,C004251,5f7f8ff9564a4c000ebcb41f,0.0,0.8402417
173,2021-05-28 05:00:00+00:00,C004251,5f7f8ff9564a4c000ebcb41f,0.0,0.8423833
174,2021-05-28 06:00:00+00:00,C004251,5f7f8ff9564a4c000ebcb41f,0.0,0.8435417
175,2021-05-28 07:00:00+00:00,C004251,5f7f8ff9564a4c000ebcb41f,0.0,0.8877364
176,2021-05-28 08:00:00+00:00,C004251,5f7f8ff9564a4c000ebcb41f,0.0,0.90131664
177,2021-05-28 09:00:00+00:00,C004251,5f7f8ff9564a4c000ebcb41f,0.0,0.9045917
178,2021-05-28 10:00:00+00:00,C004251,5f7f8ff9564a4c000ebcb41f,0.0,0.94946665
179,2021-05-28 11:00:00+00:00,C004251,5f7f8ff9564a4c000ebcb41f,0.0,0.969375
180,2021-05-28 12:00:00+00:00,C004251,5f7f8ff9564a4c000ebcb41f,0.0,0.97809166
181,2021-05-28 13:00:00+00:00,C004251,5f7f8ff9564a4c000ebcb41f,0.0,0.9769833
182,2021-05-28 14:00:00+00:00,C004251,5f7f8ff9564a4c000ebcb41f,0.0,0.8174833
183,2021-05-28 15:00:00+00:00,C004251,5f7f8ff9564a4c000ebcb41f,0.0,0.71615
184,2021-05-28 16:00:00+00:00,C004251,5f7f8ff9564a4c000ebcb41f,0.0,0.64738333
185,2021-05-28 17:00:00+00:00,C004251,5f7f8ff9564a4c000ebcb41f,0.0,0.57638335
186,2021-05-28 18:00:00+00:00,C004251,5f7f8ff9564a4c000ebcb41f,0.0,0.5387667
187,2021-05-28 19:00:00+00:00,C004251,5f7f8ff9564a4c000ebcb41f,0.0,0.5050167
188,2021-05-28 20:00:00+00:00,C004251,5f7f8ff9564a4c000ebcb41f,0.0,0.51065
189,2021-05-28 21:00:00+00:00,C004251,5f7f8ff9564a4c000ebcb41f,0.0,0.499325
190,2021-05-28 22:00:00+00:00,C004251,5f7f8ff9564a4c000ebcb41f,0.0,0.5107273
191,2021-05-28 23:00:00+00:00,C004251,5f7f8ff9564a4c000ebcb41f,0.0,0.49585834
192,2021-05-29 00:00:00+00:00,C004251,5f7f8ff9564a4c000ebcb41f,0.0,0.5520333
193,2021-05-29 01:00:00+00:00,C004251,5f7f8ff9564a4c000ebcb41f,0.0,0.62115836
194,2021-05-29 02:00:00+00:00,C004251,5f7f8ff9564a4c000ebcb41f,0.0,0.6720167
195,2021-05-29 03:00:00+00:00,C004251,5f7f8ff9564a4c000ebcb41f,0.0,0.76480836
196,2021-05-29 04:00:00+00:00,C004251,5f7f8ff9564a4c000ebcb41f,0.0,0.844875
197,2021-05-29 05:00:00+00:00,C004251,5f7f8ff9564a4c000ebcb41f,0.0,0.87058336
198,2021-05-29 06:00:00+00:00,C004251,5f7f8ff9564a4c000ebcb41f,0.0,0.9078917
199,2021-05-29 07:00:00+00:00,C004251,5f7f8ff9564a4c000ebcb41f,0.0,0.920875
200,2021-05-29 08:00:00+00:00,C004251,5f7f8ff9564a4c000ebcb41f,0.0,0.8842083
201,2021-05-29 09:00:00+00:00,C004251,5f7f8ff9564a4c000ebcb41f,0.0,0.87981665
202,2021-05-29 10:00:00+00:00,C004251,5f7f8ff9564a4c000ebcb41f,0.0,0.91465
203,2021-05-29 11:00:00+00:00,C004251,5f7f8ff9564a4c000ebcb41f,0.0,0.9525273
204,2021-05-29 12:00:00+00:00,C004251,5f7f8ff9564a4c000ebcb41f,0.0,0.9671917
205,2021-05-29 13:00:00+00:00,C004251,5f7f8ff9564a4c000ebcb41f,0.0,0.975375
206,2021-05-29 14:00:00+00:00,C004251,5f7f8ff9564a4c000ebcb41f,0.0,0.79298335
207,2021-05-29 15:00:00+00:00,C004251,5f7f8ff9564a4c000ebcb41f,0.0,0.6520917
208,2021-05-29 16:00:00+00:00,C004251,5f7f8ff9564a4c000ebcb41f,0.0,0.635875
209,2021-05-29 17:00:00+00:00,C004251,5f7f8ff9564a4c000ebcb41f,0.0,0.5448167
210,2021-05-29 18:00:00+00:00,C004251,5f7f8ff9564a4c000ebcb41f,0.0,0.51706666
211,2021-05-29 19:00:00+00:00,C004251,5f7f8ff9564a4c000ebcb41f,0.0,0.49811667
212,2021-05-29 20:00:00+00:00,C004251,5f7f8ff9564a4c000ebcb41f,0.0,0.489
213,2021-05-29 21:00:00+00:00,C004251,5f7f8ff9564a4c000ebcb41f,0.0,0.48651665
214,2021-05-29 22:00:00+00:00,C004251,5f7f8ff9564a4c000ebcb41f,0.0,0.48728332
215,2021-05-29 23:00:00+00:00,C004251,5f7f8ff9564a4c000ebcb41f,0.0,0.51985836
216,2021-05-30 00:00:00+00:00,C004251,5f7f8ff9564a4c000ebcb41f,0.0,0.6249667
217,2021-05-30 01:00:00+00:00,C004251,5f7f8ff9564a4c000ebcb41f,0.0,0.7202167
218,2021-05-30 02:00:00+00:00,C004251,5f7f8ff9564a4c000ebcb41f,0.0,0.7784333
219,2021-05-30 03:00:00+00:00,C004251,5f7f8ff9564a4c000ebcb41f,0.0,0.8389182
220,2021-05-30 04:00:00+00:00,C004251,5f7f8ff9564a4c000ebcb41f,0.0,0.8880583
221,2021-05-30 05:00:00+00:00,C004251,5f7f8ff9564a4c000ebcb41f,0.0,0.9113167
222,2021-05-30 06:00:00+00:00,C004251,5f7f8ff9564a4c000ebcb41f,0.06,0.92489165
223,2021-05-30 07:00:00+00:00,C004251,5f7f8ff9564a4c000ebcb41f,0.0,0.95035
224,2021-05-30 08:00:00+00:00,C004251,5f7f8ff9564a4c000ebcb41f,0.0,0.968375
225,2021-05-30 09:00:00+00:00,C004251,5f7f8ff9564a4c000ebcb41f,0.0,0.97355
226,2021-05-30 10:00:00+00:00,C004251,5f7f8ff9564a4c000ebcb41f,0.0,0.97624165
227,2021-05-30 11:00:00+00:00,C004251,5f7f8ff9564a4c000ebcb41f,0.0,0.977525
228,2021-05-30 12:00:00+00:00,C004251,5f7f8ff9564a4c000ebcb41f,0.0,0.97225
229,2021-05-30 13:00:00+00:00,C004251,5f7f8ff9564a4c000ebcb41f,0.0,0.96393335
230,2021-05-30 14:00:00+00:00,C004251,5f7f8ff9564a4c000ebcb41f,0.0,0.72855
231,2021-05-30 15:00:00+00:00,C004251,5f7f8ff9564a4c000ebcb41f,0.0,0.62923634
232,2021-05-30 16:00:00+00:00,C004251,5f7f8ff9564a4c000ebcb41f,0.0,0.58339167
233,2021-05-30 17:00:00+00:00,C004251,5f7f8ff9564a4c000ebcb41f,0.0,0.52815
234,2021-05-30 18:00:00+00:00,C004251,5f7f8ff9564a4c000ebcb41f,0.0,0.49506667
235,2021-05-30 19:00:00+00:00,C004251,5f7f8ff9564a4c000ebcb41f,0.0,0.44600832
236,2021-05-30 20:00:00+00:00,C004251,5f7f8ff9564a4c000ebcb41f,0.0,0.42424166
237,2021-05-30 21:00:00+00:00,C004251,5f7f8ff9564a4c000ebcb41f,0.0,0.41150832
238,2021-05-30 22:00:00+00:00,C004251,5f7f8ff9564a4c000ebcb41f,0.0,0.43328333
239,2021-05-30 23:00:00+00:00,C004251,5f7f8ff9564a4c000ebcb41f,0.0,0.48841667
240,2021-05-31 00:00:00+00:00,C004251,5f7f8ff9564a4c000ebcb41f,0.0,0.59833336
241,2021-05-31 01:00:00+00:00,C004251,5f7f8ff9564a4c000ebcb41f,0.0,0.7105833
242,2021-05-31 02:00:00+00:00,C004251,5f7f8ff9564a4c000ebcb41f,0.0,0.764125
243,2021-05-31 03:00:00+00:00,C004251,5f7f8ff9564a4c000ebcb41f,0.0,0.82
244,2021-05-31 04:00:00+00:00,C004251,5f7f8ff9564a4c000ebcb41f,0.0,0.85665834
245,2021-05-31 05:00:00+00:00,C004251,5f7f8ff9564a4c000ebcb41f,0.12,0.91129166
246,2021-05-31 06:00:00+00:00,C004251,5f7f8ff9564a4c000ebcb41f,0.0,0.943675
247,2021-05-31 07:00:00+00:00,C004251,5f7f8ff9564a4c000ebcb41f,0.0,0.95925456
248,2021-05-31 08:00:00+00:00,C004251,5f7f8ff9564a4c000ebcb41f,0.0,0.97005
249,2021-05-31 09:00:00+00:00,C004251,5f7f8ff9564a4c000ebcb41f,0.0,0.97675
250,2021-05-31 10:00:00+00:00,C004251,5f7f8ff9564a4c000ebcb41f,0.0,0.980975
251,2021-05-31 11:00:00+00:00,C004251,5f7f8ff9564a4c000ebcb41f,0.0,0.983625
252,2021-05-31 12:00:00+00:00,C004251,5f7f8ff9564a4c000ebcb41f,0.0,0.9867333
253,2021-05-31 13:00:00+00:00,C004251,5f7f8ff9564a4c000ebcb41f,0.11,0.988175
254,2021-05-31 14:00:00+00:00,C004251,5f7f8ff9564a4c000ebcb41f,0.0,0.80420834
255,2021-05-31 15:00:00+00:00,C004251,5f7f8ff9564a4c000ebcb41f,0.0,0.619025
256,2021-05-31 16:00:00+00:00,C004251,5f7f8ff9564a4c000ebcb41f,0.0,0.554725
257,2021-05-31 17:00:00+00:00,C004251,5f7f8ff9564a4c000ebcb41f,0.0,0.51259166
258,2021-05-31 18:00:00+00:00,C004251,5f7f8ff9564a4c000ebcb41f,0.0,0.452225
259,2021-05-31 19:00:00+00:00,C004251,5f7f8ff9564a4c000ebcb41f,0.0,0.42445832
260,2021-05-31 20:00:00+00:00,C004251,5f7f8ff9564a4c000ebcb41f,0.0,0.4216
261,2021-05-31 21:00:00+00:00,C004251,5f7f8ff9564a4c000ebcb41f,0.0,0.40986666
262,2021-05-31 22:00:00+00:00,C004251,5f7f8ff9564a4c000ebcb41f,0.0,0.42101666
263,2021-05-31 23:00:00+00:00,C004251,5f7f8ff9564a4c000ebcb41f,0.0,0.42575833
264,2021-06-01 00:00:00+00:00,C004251,5f7f8ff9564a4c000ebcb41f,0.0,0.48365456
265,2021-06-01 01:00:00+00:00,C004251,5f7f8ff9564a4c000ebcb41f,0.0,0.59075
266,2021-06-01 02:00:00+00:00,C004251,5f7f8ff9564a4c000ebcb41f,0.0,0.6824833
267,2021-06-01 03:00:00+00:00,C004251,5f7f8ff9564a4c000ebcb41f,0.0,0.77716666
268,2021-06-01 04:00:00+00:00,C004251,5f7f8ff9564a4c000ebcb41f,0.0,0.85885835
269,2021-06-01 05:00:00+00:00,C004251,5f7f8ff9564a4c000ebcb41f,0.0,0.8946
270,2021-06-01 06:00:00+00:00,C004251,5f7f8ff9564a4c000ebcb41f,0.0,0.934775
271,2021-06-01 07:00:00+00:00,C004251,5f7f8ff9564a4c000ebcb41f,0.0,0.95650834
272,2021-06-01 08:00:00+00:00,C004251,5f7f8ff9564a4c000ebcb41f,0.0,0.9673333
273,2021-06-01 09:00:00+00:00,C004251,5f7f8ff9564a4c000ebcb41f,0.0,0.97015
274,2021-06-01 10:00:00+00:00,C004251,5f7f8ff9564a4c000ebcb41f,0.0,0.976075
275,2021-06-01 11:00:00+00:00,C004251,5f7f8ff9564a4c000ebcb41f,0.0,0.9800083
276,2021-06-01 12:00:00+00:00,C004251,5f7f8ff9564a4c000ebcb41f,0.0,0.9840083
277,2021-06-01 13:00:00+00:00,C004251,5f7f8ff9564a4c000ebcb41f,0.0,0.9877545
278,2021-06-01 14:00:00+00:00,C004251,5f7f8ff9564a4c000ebcb41f,0.0,0.9098167
279,2021-06-01 15:00:00+00:00,C004251,5f7f8ff9564a4c000ebcb41f,0.0,0.7436
280,2021-06-01 16:00:00+00:00,C004251,5f7f8ff9564a4c000ebcb41f,0.0,0.6171833
281,2021-06-01 17:00:00+00:00,C004251,5f7f8ff9564a4c000ebcb41f,0.0,0.5683417
282,2021-06-01 18:00:00+00:00,C004251,5f7f8ff9564a4c000ebcb41f,0.0,0.507975
283,2021-06-01 19:00:00+00:00,C004251,5f7f8ff9564a4c000ebcb41f,0.0,0.47906667
284,2021-06-01 20:00:00+00:00,C004251,5f7f8ff9564a4c000ebcb41f,0.0,0.4736
285,2021-06-01 21:00:00+00:00,C004251,5f7f8ff9564a4c000ebcb41f,0.0,0.50881666
286,2021-06-01 22:00:00+00:00,C004251,5f7f8ff9564a4c000ebcb41f,0.0,0.53688335
287,2021-06-01 23:00:00+00:00,C004251,5f7f8ff9564a4c000ebcb41f,0.0,0.5577833
288,2021-06-02 00:00:00+00:00,C004251,5f7f8ff9564a4c000ebcb41f,0.0,0.63446665
289,2021-06-02 01:00:00+00:00,C004251,5f7f8ff9564a4c000ebcb41f,0.0,0.7377167
290,2021-06-02 02:00:00+00:00,C004251,5f7f8ff9564a4c000ebcb41f,0.0,0.79385835
291,2021-06-02 03:00:00+00:00,C004251,5f7f8ff9564a4c000ebcb41f,0.0,0.8557417
292,2021-06-02 04:00:00+00:00,C004251,5f7f8ff9564a4c000ebcb41f,0.0,0.8987
293,2021-06-02 05:00:00+00:00,C004251,5f7f8ff9564a4c000ebcb41f,0.0,0.928125
294,2021-06-02 06:00:00+00:00,C004251,5f7f8ff9564a4c000ebcb41f,0.0,0.9432182
295,2021-06-02 07:00:00+00:00,C004251,5f7f8ff9564a4c000ebcb41f,0.0,0.9540333
296,2021-06-02 08:00:00+00:00,C004251,5f7f8ff9564a4c000ebcb41f,0.0,0.96328336
297,2021-06-02 09:00:00+00:00,C004251,5f7f8ff9564a4c000ebcb41f,0.0,0.92903334
298,2021-06-02 10:00:00+00:00,C004251,5f7f8ff9564a4c000ebcb41f,0.0,0.91875
299,2021-06-02 11:00:00+00:00,C004251,5f7f8ff9564a4c000ebcb41f,0.0,0.90950835
300,2021-06-02 12:00:00+00:00,C004251,5f7f8ff9564a4c000ebcb41f,0.0,0.91840833
301,2021-06-02 13:00:00+00:00,C004251,5f7f8ff9564a4c000ebcb41f,0.0,0.9078583
302,2021-06-02 14:00:00+00:00,C004251,5f7f8ff9564a4c000ebcb41f,0.0,0.864275
303,2021-06-02 15:00:00+00:00,C004251,5f7f8ff9564a4c000ebcb41f,0.0,0.81040835
304,2021-06-02 16:00:00+00:00,C004251,5f7f8ff9564a4c000ebcb41f,0.0,0.750725
305,2021-06-02 17:00:00+00:00,C004251,5f7f8ff9564a4c000ebcb41f,0.0,0.63784164
306,2021-06-02 18:00:00+00:00,C004251,5f7f8ff9564a4c000ebcb41f,0.0,0.55565834
307,2021-06-02 19:00:00+00:00,C004251,5f7f8ff9564a4c000ebcb41f,0.0,0.5368583
308,2021-06-02 20:00:00+00:00,C004251,5f7f8ff9564a4c000ebcb41f,0.0,0.524475
309,2021-06-02 21:00:00+00:00,C004251,5f7f8ff9564a4c000ebcb41f,0.0,0.5260818
310,2021-06-02 22:00:00+00:00,C004251,5f7f8ff9564a4c000ebcb41f,0.0,0.54148334
311,2021-06-02 23:00:00+00:00,C004251,5f7f8ff9564a4c000ebcb41f,0.0,0.565675
312,2021-06-03 00:00:00+00:00,C004251,5f7f8ff9564a4c000ebcb41f,0.0,0.662775
313,2021-06-03 01:00:00+00:00,C004251,5f7f8ff9564a4c000ebcb41f,0.0,0.78765833
314,2021-06-03 02:00:00+00:00,C004251,5f7f8ff9564a4c000ebcb41f,0.0,0.837175
315,2021-06-03 03:00:00+00:00,C004251,5f7f8ff9564a4c000ebcb41f,0.0,0.891275
316,2021-06-03 04:00:00+00:00,C004251,5f7f8ff9564a4c000ebcb41f,0.0,0.8936167
317,2021-06-03 05:00:00+00:00,C004251,5f7f8ff9564a4c000ebcb41f,0.0,0.90676665
318,2021-06-03 06:00:00+00:00,C004251,5f7f8ff9564a4c000ebcb41f,0.0,0.9378667
319,2021-06-03 07:00:00+00:00,C004251,5f7f8ff9564a4c000ebcb41f,0.0,0.962125
320,2021-06-03 08:00:00+00:00,C004251,5f7f8ff9564a4c000ebcb41f,0.0,0.950275
321,2021-06-03 09:00:00+00:00,C004251,5f7f8ff9564a4c000ebcb41f,0.0,0.90545833
322,2021-06-03 10:00:00+00:00,C004251,5f7f8ff9564a4c000ebcb41f,0.0,0.889825
323,2021-06-03 11:00:00+00:00,C004251,5f7f8ff9564a4c000ebcb41f,0.0,0.88854545
324,2021-06-03 12:00:00+00:00,C004251,5f7f8ff9564a4c000ebcb41f,0.0,0.93198335
325,2021-06-03 13:00:00+00:00,C004251,5f7f8ff9564a4c000ebcb41f,0.0,0.921775
326,2021-06-03 14:00:00+00:00,C004251,5f7f8ff9564a4c000ebcb41f,0.0,0.84468335
327,2021-06-03 15:00:00+00:00,C004251,5f7f8ff9564a4c000ebcb41f,0.0,0.75993335
328,2021-06-03 16:00:00+00:00,C004251,5f7f8ff9564a4c000ebcb41f,0.0,0.63558334
329,2021-06-03 17:00:00+00:00,C004251,5f7f8ff9564a4c000ebcb41f,0.0,0.562375
330,2021-06-03 18:00:00+00:00,C004251,5f7f8ff9564a4c000ebcb41f,0.0,0.51334167
331,2021-06-03 19:00:00+00:00,C004251,5f7f8ff9564a4c000ebcb41f,0.0,0.5058
332,2021-06-03 20:00:00+00:00,C004251,5f7f8ff9564a4c000ebcb41f,0.0,0.48553333
333,2021-06-03 21:00:00+00:00,C004251,5f7f8ff9564a4c000ebcb41f,0.0,0.486325
334,2021-06-03 22:00:00+00:00,C004251,5f7f8ff9564a4c000ebcb41f,0.0,0.48775
335,2021-06-03 23:00:00+00:00,C004251,5f7f8ff9564a4c000ebcb41f,0.0,0.49170834
336,2021-06-04 00:00:00+00:00,C004251,5f7f8ff9564a4c000ebcb41f,0.0,0.59798336
337,2021-06-04 01:00:00+00:00,C004251,5f7f8ff9564a4c000ebcb41f,0.0,0.7043333
338,2021-06-04 02:00:00+00:00,C004251,5f7f8ff9564a4c000ebcb41f,0.0,0.759575
339,2021-06-04 03:00:00+00:00,C004251,5f7f8ff9564a4c000ebcb41f,0.0,0.82249165
340,2021-06-04 04:00:00+00:00,C004251,5f7f8ff9564a4c000ebcb41f,0.0,0.87234545
341,2021-06-04 05:00:00+00:00,C004251,5f7f8ff9564a4c000ebcb41f,0.0,0.909775
342,2021-06-04 06:00:00+00:00,C004251,5f7f8ff9564a4c000ebcb41f,0.0,0.9385667
343,2021-06-04 07:00:00+00:00,C004251,5f7f8ff9564a4c000ebcb41f,0.0,0.9552
344,2021-06-04 08:00:00+00:00,C004251,5f7f8ff9564a4c000ebcb41f,0.0,0.9662167
345,2021-06-04 09:00:00+00:00,C004251,5f7f8ff9564a4c000ebcb41f,0.0,0.973775
346,2021-06-04 10:00:00+00:00,C004251,5f7f8ff9564a4c000ebcb41f,0.0,0.97895
347,2021-06-04 11:00:00+00:00,C004251,5f7f8ff9564a4c000ebcb41f,0.0,0.98225
348,2021-06-04 12:00:00+00:00,C004251,5f7f8ff9564a4c000ebcb41f,0.09,0.984575
349,2021-06-04 13:00:00+00:00,C004251,5f7f8ff9564a4c000ebcb41f,0.12,0.9867167
350,2021-06-04 14:00:00+00:00,C004251,5f7f8ff9564a4c000ebcb41f,0.0,0.8266917
351,2021-06-04 15:00:00+00:00,C004251,5f7f8ff9564a4c000ebcb41f,0.0,0.6062833
352,2021-06-04 16:00:00+00:00,C004251,5f7f8ff9564a4c000ebcb41f,0.0,0.61450833
353,2021-06-04 17:00:00+00:00,C004251,5f7f8ff9564a4c000ebcb41f,0.0,0.5869273
354,2021-06-04 18:00:00+00:00,C004251,5f7f8ff9564a4c000ebcb41f,0.0,0.56458336
355,2021-06-04 19:00:00+00:00,C004251,5f7f8ff9564a4c000ebcb41f,0.0,0.54228336
356,2021-06-04 20:00:00+00:00,C004251,5f7f8ff9564a4c000ebcb41f,0.0,0.51795834
357,2021-06-04 21:00:00+00:00,C004251,5f7f8ff9564a4c000ebcb41f,0.0,0.52370834
358,2021-06-04 22:00:00+00:00,C004251,5f7f8ff9564a4c000ebcb41f,0.0,0.53078336
359,2021-06-04 23:00:00+00:00,C004251,5f7f8ff9564a4c000ebcb41f,0.0,0.54640836
360,2021-06-05 00:00:00+00:00,C004251,5f7f8ff9564a4c000ebcb41f,0.0,0.625925
361,2021-06-05 01:00:00+00:00,C004251,5f7f8ff9564a4c000ebcb41f,0.0,0.70794165
362,2021-06-05 02:00:00+00:00,C004251,5f7f8ff9564a4c000ebcb41f,0.0,0.71185
363,2021-06-05 03:00:00+00:00,C004251,5f7f8ff9564a4c000ebcb41f,0.0,0.731225
364,2021-06-05 04:00:00+00:00,C004251,5f7f8ff9564a4c000ebcb41f,0.0,0.78316665
365,2021-06-05 05:00:00+00:00,C004251,5f7f8ff9564a4c000ebcb41f,0.0,0.83536667
366,2021-06-05 06:00:00+00:00,C004251,5f7f8ff9564a4c000ebcb41f,0.0,0.89275
367,2021-06-05 07:00:00+00:00,C004251,5f7f8ff9564a4c000ebcb41f,0.0,0.909375
368,2021-06-05 08:00:00+00:00,C004251,5f7f8ff9564a4c000ebcb41f,0.16,0.9420083
369,2021-06-05 09:00:00+00:00,C004251,5f7f8ff9564a4c000ebcb41f,0.0,0.9643
370,2021-06-05 10:00:00+00:00,C004251,5f7f8ff9564a4c000ebcb41f,0.0,0.97293335
371,2021-06-05 11:00:00+00:00,C004251,5f7f8ff9564a4c000ebcb41f,0.0,0.97728336
372,2021-06-05 12:00:00+00:00,C004251,5f7f8ff9564a4c000ebcb41f,0.0,0.98090833
373,2021-06-05 13:00:00+00:00,C004251,5f7f8ff9564a4c000ebcb41f,0.0,0.9793917
374,2021-06-05 14:00:00+00:00,C004251,5f7f8ff9564a4c000ebcb41f,0.0,0.7614667
375,2021-06-05 15:00:00+00:00,C004251,5f7f8ff9564a4c000ebcb41f,0.0,0.6160833
376,2021-06-05 16:00:00+00:00,C004251,5f7f8ff9564a4c000ebcb41f,0.0,0.561575
377,2021-06-05 17:00:00+00:00,C004251,5f7f8ff9564a4c000ebcb41f,0.0,0.526525
378,2021-06-05 18:00:00+00:00,C004251,5f7f8ff9564a4c000ebcb41f,0.0,0.46790832
379,2021-06-05 19:00:00+00:00,C004251,5f7f8ff9564a4c000ebcb41f,0.0,0.438275
380,2021-06-05 20:00:00+00:00,C004251,5f7f8ff9564a4c000ebcb41f,0.0,0.44794166
381,2021-06-05 21:00:00+00:00,C004251,5f7f8ff9564a4c000ebcb41f,0.0,0.45
382,2021-06-05 22:00:00+00:00,C004251,5f7f8ff9564a4c000ebcb41f,0.0,0.460275
383,2021-06-05 23:00:00+00:00,C004251,5f7f8ff9564a4c000ebcb41f,0.0,0.49703333
384,2021-06-06 00:00:00+00:00,C004251,5f7f8ff9564a4c000ebcb41f,0.0,0.571875
385,2021-06-06 01:00:00+00:00,C004251,5f7f8ff9564a4c000ebcb41f,0.0,0.5456333
386,2021-06-06 02:00:00+00:00,C004251,5f7f8ff9564a4c000ebcb41f,0.0,0.5956454
387,2021-06-06 03:00:00+00:00,C004251,5f7f8ff9564a4c000ebcb41f,0.0,0.65145
388,2021-06-06 04:00:00+00:00,C004251,5f7f8ff9564a4c000ebcb41f,0.0,0.69754165
389,2021-06-06 05:00:00+00:00,C004251,5f7f8ff9564a4c000ebcb41f,0.0,0.7488083
390,2021-06-06 06:00:00+00:00,C004251,5f7f8ff9564a4c000ebcb41f,0.0,0.808225
391,2021-06-06 07:00:00+00:00,C004251,5f7f8ff9564a4c000ebcb41f,0.0,0.865475
392,2021-06-06 08:00:00+00:00,C004251,5f7f8ff9564a4c000ebcb41f,0.0,0.8944833
393,2021-06-06 09:00:00+00:00,C004251,5f7f8ff9564a4c000ebcb41f,0.0,0.9273
394,2021-06-06 10:00:00+00:00,C004251,5f7f8ff9564a4c000ebcb41f,0.0,0.95636666
395,2021-06-06 11:00:00+00:00,C004251,5f7f8ff9564a4c000ebcb41f,0.0,0.96745
396,2021-06-06 12:00:00+00:00,C004251,5f7f8ff9564a4c000ebcb41f,0.0,0.97134167
397,2021-06-06 13:00:00+00:00,C004251,5f7f8ff9564a4c000ebcb41f,0.0,0.8480167
398,2021-06-06 14:00:00+00:00,C004251,5f7f8ff9564a4c000ebcb41f,0.0,0.7223727
399,2021-06-06 15:00:00+00:00,C004251,5f7f8ff9564a4c000ebcb41f,0.0,0.58955836
400,2021-06-06 16:00:00+00:00,C004251,5f7f8ff9564a4c000ebcb41f,0.0,0.5397083
401,2021-06-06 17:00:00+00:00,C004251,5f7f8ff9564a4c000ebcb41f,0.0,0.5045583
402,2021-06-06 18:00:00+00:00,C004251,5f7f8ff9564a4c000ebcb41f,0.0,0.45583335
403,2021-06-06 19:00:00+00:00,C004251,5f7f8ff9564a4c000ebcb41f,0.0,0.42459166
404,2021-06-06 20:00:00+00:00,C004251,5f7f8ff9564a4c000ebcb41f,0.0,0.425225
405,2021-06-06 21:00:00+00:00,C004251,5f7f8ff9564a4c000ebcb41f,0.0,0.34025833
406,2021-06-06 22:00:00+00:00,C004251,5f7f8ff9564a4c000ebcb41f,0.0,0.31245834
407,2021-06-06 23:00:00+00:00,C004251,5f7f8ff9564a4c000ebcb41f,0.0,0.35229167
408,2021-06-07 00:00:00+00:00,C004251,5f7f8ff9564a4c000ebcb41f,0.0,0.38666666
409,2021-06-07 01:00:00+00:00,C004251,5f7f8ff9564a4c000ebcb41f,0.0,0.42478332
410,2021-06-07 02:00:00+00:00,C004251,5f7f8ff9564a4c000ebcb41f,0.0,0.48293334
411,2021-06-07 03:00:00+00:00,C004251,5f7f8ff9564a4c000ebcb41f,0.0,0.5555417
412,2021-06-07 04:00:00+00:00,C004251,5f7f8ff9564a4c000ebcb41f,0.0,0.64503336
413,2021-06-07 05:00:00+00:00,C004251,5f7f8ff9564a4c000ebcb41f,0.0,0.6863833
414,2021-06-07 06:00:00+00:00,C004251,5f7f8ff9564a4c000ebcb41f,0.0,0.73245835
415,2021-06-07 07:00:00+00:00,C004251,5f7f8ff9564a4c000ebcb41f,0.0,0.80169094
416,2021-06-07 08:00:00+00:00,C004251,5f7f8ff9564a4c000ebcb41f,0.0,0.7749417
417,2021-06-07 09:00:00+00:00,C004251,5f7f8ff9564a4c000ebcb41f,0.0,0.81236666
418,2021-06-07 10:00:00+00:00,C004251,5f7f8ff9564a4c000ebcb41f,0.0,0.77119166
419,2021-06-07 11:00:00+00:00,C004251,5f7f8ff9564a4c000ebcb41f,0.0,0.87708336
420,2021-06-07 12:00:00+00:00,C004251,5f7f8ff9564a4c000ebcb41f,0.0,0.92069167
421,2021-06-07 13:00:00+00:00,C004251,5f7f8ff9564a4c000ebcb41f,0.0,0.8117833
422,2021-06-07 14:00:00+00:00,C004251,5f7f8ff9564a4c000ebcb41f,0.0,0.6832
423,2021-06-07 15:00:00+00:00,C004251,5f7f8ff9564a4c000ebcb41f,0.0,0.47953334
424,2021-06-07 16:00:00+00:00,C004251,5f7f8ff9564a4c000ebcb41f,0.0,0.44714168
425,2021-06-07 17:00:00+00:00,C004251,5f7f8ff9564a4c000ebcb41f,0.0,0.414375
426,2021-06-07 18:00:00+00:00,C004251,5f7f8ff9564a4c000ebcb41f,0.0,0.37631667
427,2021-06-07 19:00:00+00:00,C004251,5f7f8ff9564a4c000ebcb41f,0.0,0.36180833
428,2021-06-07 20:00:00+00:00,C004251,5f7f8ff9564a4c000ebcb41f,0.0,0.37695834
429,2021-06-07 21:00:00+00:00,C004251,5f7f8ff9564a4c000ebcb41f,0.0,0.403125
430,2021-06-07 22:00:00+00:00,C004251,5f7f8ff9564a4c000ebcb41f,0.0,0.4207
431,2021-06-07 23:00:00+00:00,C004251,5f7f8ff9564a4c000ebcb41f,0.0,0.42387274
432,2021-06-08 00:00:00+00:00,C004251,5f7f8ff9564a4c000ebcb41f,0.0,0.44475
433,2021-06-08 01:00:00+00:00,C004251,5f7f8ff9564a4c000ebcb41f,0.0,0.546075
434,2021-06-08 02:00:00+00:00,C004251,5f7f8ff9564a4c000ebcb41f,0.0,0.611325
435,2021-06-08 03:00:00+00:00,C004251,5f7f8ff9564a4c000ebcb41f,0.0,0.694225
436,2021-06-08 04:00:00+00:00,C004251,5f7f8ff9564a4c000ebcb41f,0.0,0.74693334
437,2021-06-08 05:00:00+00:00,C004251,5f7f8ff9564a4c000ebcb41f,0.0,0.7758167
438,2021-06-08 06:00:00+00:00,C004251,5f7f8ff9564a4c000ebcb41f,0.0,0.805275
439,2021-06-08 07:00:00+00:00,C004251,5f7f8ff9564a4c000ebcb41f,0.0,0.82355833
440,2021-06-08 08:00:00+00:00,C004251,5f7f8ff9564a4c000ebcb41f,0.0,0.872775
441,2021-06-08 09:00:00+00:00,C004251,5f7f8ff9564a4c000ebcb41f,0.0,0.89755
442,2021-06-08 10:00:00+00:00,C004251,5f7f8ff9564a4c000ebcb41f,0.0,0.91734165
443,2021-06-08 11:00:00+00:00,C004251,5f7f8ff9564a4c000ebcb41f,0.0,0.91941667
444,2021-06-08 12:00:00+00:00,C004251,5f7f8ff9564a4c000ebcb41f,0.0,0.91871816
445,2021-06-08 13:00:00+00:00,C004251,5f7f8ff9564a4c000ebcb41f,0.0,0.9000667
446,2021-06-08 14:00:00+00:00,C004251,5f7f8ff9564a4c000ebcb41f,0.0,0.61560833
447,2021-06-08 15:00:00+00:00,C004251,5f7f8ff9564a4c000ebcb41f,0.0,0.48700833
448,2021-06-08 16:00:00+00:00,C004251,5f7f8ff9564a4c000ebcb41f,0.0,0.449475
449,2021-06-08 17:00:00+00:00,C004251,5f7f8ff9564a4c000ebcb41f,0.0,0.41018334
450,2021-06-08 18:00:00+00:00,C004251,5f7f8ff9564a4c000ebcb41f,0.0,0.3879
451,2021-06-08 19:00:00+00:00,C004251,5f7f8ff9564a4c000ebcb41f,0.0,0.36386666
452,2021-06-08 20:00:00+00:00,C004251,5f7f8ff9564a4c000ebcb41f,0.0,0.3454
453,2021-06-08 21:00:00+00:00,C004251,5f7f8ff9564a4c000ebcb41f,0.0,0.34426665
454,2021-06-08 22:00:00+00:00,C004251,5f7f8ff9564a4c000ebcb41f,0.0,0.3557
455,2021-06-08 23:00:00+00:00,C004251,5f7f8ff9564a4c000ebcb41f,0.0,0.38589168
456,2021-06-09 00:00:00+00:00,C004251,5f7f8ff9564a4c000ebcb41f,0.0,0.43099168
457,2021-06-09 01:00:00+00:00,C004251,5f7f8ff9564a4c000ebcb41f,0.0,0.5303917
458,2021-06-09 02:00:00+00:00,C004251,5f7f8ff9564a4c000ebcb41f,0.0,0.59945
459,2021-06-09 03:00:00+00:00,C004251,5f7f8ff9564a4c000ebcb41f,0.0,0.68291664
460,2021-06-09 04:00:00+00:00,C004251,5f7f8ff9564a4c000ebcb41f,0.0,0.7432455
461,2021-06-09 05:00:00+00:00,C004251,5f7f8ff9564a4c000ebcb41f,0.0,0.7946
462,2021-06-09 06:00:00+00:00,C004251,5f7f8ff9564a4c000ebcb41f,0.0,0.8552167
463,2021-06-09 07:00:00+00:00,C004251,5f7f8ff9564a4c000ebcb41f,0.0,0.88673335
464,2021-06-09 08:00:00+00:00,C004251,5f7f8ff9564a4c000ebcb41f,0.0,0.86569166
465,2021-06-09 09:00:00+00:00,C004251,5f7f8ff9564a4c000ebcb41f,0.0,0.8630583
466,2021-06-09 10:00:00+00:00,C004251,5f7f8ff9564a4c000ebcb41f,0.0,0.884725
467,2021-06-09 11:00:00+00:00,C004251,5f7f8ff9564a4c000ebcb41f,0.0,0.9044167
468,2021-06-09 12:00:00+00:00,C004251,5f7f8ff9564a4c000ebcb41f,0.0,0.920975
469,2021-06-09 13:00:00+00:00,C004251,5f7f8ff9564a4c000ebcb41f,0.0,0.867525
470,2021-06-09 14:00:00+00:00,C004251,5f7f8ff9564a4c000ebcb41f,0.0,0.5678833
471,2021-06-09 15:00:00+00:00,C004251,5f7f8ff9564a4c000ebcb41f,0.0,0.508775
472,2021-06-09 16:00:00+00:00,C004251,5f7f8ff9564a4c000ebcb41f,0.0,0.45440835
473,2021-06-09 17:00:00+00:00,C004251,5f7f8ff9564a4c000ebcb41f,0.0,0.4312091
474,2021-06-09 18:00:00+00:00,C004251,5f7f8ff9564a4c000ebcb41f,0.0,0.38888332
475,2021-06-09 19:00:00+00:00,C004251,5f7f8ff9564a4c000ebcb41f,0.0,0.35641667
476,2021-06-09 20:00:00+00:00,C004251,5f7f8ff9564a4c000ebcb41f,0.0,0.3578
477,2021-06-09 21:00:00+00:00,C004251,5f7f8ff9564a4c000ebcb41f,0.0,0.37726668
478,2021-06-09 22:00:00+00:00,C004251,5f7f8ff9564a4c000ebcb41f,0.0,0.40539166
479,2021-06-09 23:00:00+00:00,C004251,5f7f8ff9564a4c000ebcb41f,0.0,0.42519167
480,2021-06-10 00:00:00+00:00,C004251,5f7f8ff9564a4c000ebcb41f,0.0,0.481
481,2021-06-10 01:00:00+00:00,C004251,5f7f8ff9564a4c000ebcb41f,0.0,0.57986665
482,2021-06-10 02:00:00+00:00,C004251,5f7f8ff9564a4c000ebcb41f,0.0,0.65036666
483,2021-06-10 03:00:00+00:00,C004251,5f7f8ff9564a4c000ebcb41f,0.0,0.7302167
484,2021-06-10 04:00:00+00:00,C004251,5f7f8ff9564a4c000ebcb41f,0.0,0.8060333
485,2021-06-10 05:00:00+00:00,C004251,5f7f8ff9564a4c000ebcb41f,0.0,0.8483
486,2021-06-10 06:00:00+00:00,C004251,5f7f8ff9564a4c000ebcb41f,0.0,0.885825
487,2021-06-10 07:00:00+00:00,C004251,5f7f8ff9564a4c000ebcb41f,0.0,0.9037833
488,2021-06-10 08:00:00+00:00,C004251,5f7f8ff9564a4c000ebcb41f,0.0,0.91571665
489,2021-06-10 09:00:00+00:00,C004251,5f7f8ff9564a4c000ebcb41f,0.0,0.9265818
490,2021-06-10 10:00:00+00:00,C004251,5f7f8ff9564a4c000ebcb41f,0.0,0.9427083
491,2021-06-10 11:00:00+00:00,C004251,5f7f8ff9564a4c000ebcb41f,0.0,0.9180167
492,2021-06-10 12:00:00+00:00,C004251,5f7f8ff9564a4c000ebcb41f,0.0,0.9532667
493,2021-06-10 13:00:00+00:00,C004251,5f7f8ff9564a4c000ebcb41f,0.0,0.86425
494,2021-06-10 14:00:00+00:00,C004251,5f7f8ff9564a4c000ebcb41f,0.0,0.629475
495,2021-06-10 15:00:00+00:00,C004251,5f7f8ff9564a4c000ebcb41f,0.0,0.51910836
496,2021-06-10 16:00:00+00:00,C004251,5f7f8ff9564a4c000ebcb41f,0.0,0.45256665
497,2021-06-10 17:00:00+00:00,C004251,5f7f8ff9564a4c000ebcb41f,0.0,0.39955834
498,2021-06-10 18:00:00+00:00,C004251,5f7f8ff9564a4c000ebcb41f,0.0,0.39785832
499,2021-06-10 19:00:00+00:00,C004251,5f7f8ff9564a4c000ebcb41f,0.0,0.3791
500,2021-06-10 20:00:00+00:00,C004251,5f7f8ff9564a4c000ebcb41f,0.0,0.37898332
501,2021-06-10 21:00:00+00:00,C004251,5f7f8ff9564a4c000ebcb41f,0.0,0.3436
502,2021-06-10 22:00:00+00:00,C004251,5f7f8ff9564a4c000ebcb41f,0.0,0.35640833
503,2021-06-10 23:00:00+00:00,C004251,5f7f8ff9564a4c000ebcb41f,0.0,0.37523332
504,2021-06-11 00:00:00+00:00,C004251,5f7f8ff9564a4c000ebcb41f,0.0,0.40841666
505,2021-06-11 01:00:00+00:00,C004251,5f7f8ff9564a4c000ebcb41f,0.0,0.4828091
506,2021-06-11 02:00:00+00:00,C004251,5f7f8ff9564a4c000ebcb41f,0.0,0.5327333
507,2021-06-11 03:00:00+00:00,C004251,5f7f8ff9564a4c000ebcb41f,0.0,0.63569164
508,2021-06-11 04:00:00+00:00,C004251,5f7f8ff9564a4c000ebcb41f,0.0,0.7338167
509,2021-06-11 05:00:00+00:00,C004251,5f7f8ff9564a4c000ebcb41f,0.0,0.7713
510,2021-06-11 06:00:00+00:00,C004251,5f7f8ff9564a4c000ebcb41f,0.0,0.8244417
511,2021-06-11 07:00:00+00:00,C004251,5f7f8ff9564a4c000ebcb41f,0.0,0.84858334
512,2021-06-11 08:00:00+00:00,C004251,5f7f8ff9564a4c000ebcb41f,0.0,0.86261666
513,2021-06-11 09:00:00+00:00,C004251,5f7f8ff9564a4c000ebcb41f,0.0,0.86721665
514,2021-06-11 10:00:00+00:00,C004251,5f7f8ff9564a4c000ebcb41f,0.0,0.8556
515,2021-06-11 11:00:00+00:00,C004251,5f7f8ff9564a4c000ebcb41f,0.0,0.8844333
516,2021-06-11 12:00:00+00:00,C004251,5f7f8ff9564a4c000ebcb41f,0.0,0.9028364
517,2021-06-11 13:00:00+00:00,C004251,5f7f8ff9564a4c000ebcb41f,0.0,0.85135
518,2021-06-11 14:00:00+00:00,C004251,5f7f8ff9564a4c000ebcb41f,0.0,0.599975
519,2021-06-11 15:00:00+00:00,C004251,5f7f8ff9564a4c000ebcb41f,0.0,0.52428335
520,2021-06-11 16:00:00+00:00,C004251,5f7f8ff9564a4c000ebcb41f,0.0,0.46601668
521,2021-06-11 17:00:00+00:00,C004251,5f7f8ff9564a4c000ebcb41f,0.0,0.40778333
522,2021-06-11 18:00:00+00:00,C004251,5f7f8ff9564a4c000ebcb41f,0.0,0.386775
523,2021-06-11 19:00:00+00:00,C004251,5f7f8ff9564a4c000ebcb41f,0.0,0.3676
524,2021-06-11 20:00:00+00:00,C004251,5f7f8ff9564a4c000ebcb41f,0.0,0.33675835
525,2021-06-11 21:00:00+00:00,C004251,5f7f8ff9564a4c000ebcb41f,0.0,0.36233333
526,2021-06-11 22:00:00+00:00,C004251,5f7f8ff9564a4c000ebcb41f,0.0,0.39744166
527,2021-06-11 23:00:00+00:00,C004251,5f7f8ff9564a4c000ebcb41f,0.0,0.41833332
528,2021-06-12 00:00:00+00:00,C004251,5f7f8ff9564a4c000ebcb41f,0.0,0.47665
529,2021-06-12 01:00:00+00:00,C004251,5f7f8ff9564a4c000ebcb41f,0.0,0.5455667
530,2021-06-12 02:00:00+00:00,C004251,5f7f8ff9564a4c000ebcb41f,0.0,0.5615
531,2021-06-12 03:00:00+00:00,C004251,5f7f8ff9564a4c000ebcb41f,0.0,0.642925
532,2021-06-12 04:00:00+00:00,C004251,5f7f8ff9564a4c000ebcb41f,0.0,0.7222833
533,2021-06-12 05:00:00+00:00,C004251,5f7f8ff9564a4c000ebcb41f,0.0,0.8343
534,2021-06-12 06:00:00+00:00,C004251,5f7f8ff9564a4c000ebcb41f,0.0,0.8613333
535,2021-06-12 07:00:00+00:00,C004251,5f7f8ff9564a4c000ebcb41f,0.0,0.87899166
536,2021-06-12 08:00:00+00:00,C004251,5f7f8ff9564a4c000ebcb41f,0.0,0.8805917
537,2021-06-12 09:00:00+00:00,C004251,5f7f8ff9564a4c000ebcb41f,0.0,0.79368335
538,2021-06-12 10:00:00+00:00,C004251,5f7f8ff9564a4c000ebcb41f,0.0,0.8052833
539,2021-06-12 11:00:00+00:00,C004251,5f7f8ff9564a4c000ebcb41f,0.0,0.8361833
540,2021-06-12 12:00:00+00:00,C004251,5f7f8ff9564a4c000ebcb41f,0.0,0.822825
541,2021-06-12 13:00:00+00:00,C004251,5f7f8ff9564a4c000ebcb41f,0.0,0.8222167
542,2021-06-12 14:00:00+00:00,C004251,5f7f8ff9564a4c000ebcb41f,0.0,0.796425
543,2021-06-12 15:00:00+00:00,C004251,5f7f8ff9564a4c000ebcb41f,0.0,0.7465
544,2021-06-12 16:00:00+00:00,C004251,5f7f8ff9564a4c000ebcb41f,0.0,0.6268333
545,2021-06-12 17:00:00+00:00,C004251,5f7f8ff9564a4c000ebcb41f,0.0,0.52614164
546,2021-06-12 18:00:00+00:00,C004251,5f7f8ff9564a4c000ebcb41f,0.0,0.483175
547,2021-06-12 19:00:00+00:00,C004251,5f7f8ff9564a4c000ebcb41f,0.0,0.47071666
548,2021-06-12 20:00:00+00:00,C004251,5f7f8ff9564a4c000ebcb41f,0.0,0.44465834
549,2021-06-12 21:00:00+00:00,C004251,5f7f8ff9564a4c000ebcb41f,0.0,0.45014545
550,2021-06-12 22:00:00+00:00,C004251,5f7f8ff9564a4c000ebcb41f,0.0,0.459675
551,2021-06-12 23:00:00+00:00,C004251,5f7f8ff9564a4c000ebcb41f,0.0,0.457775
552,2021-06-13 00:00:00+00:00,C004251,5f7f8ff9564a4c000ebcb41f,0.0,0.519675
553,2021-06-13 01:00:00+00:00,C004251,5f7f8ff9564a4c000ebcb41f,0.0,0.63875836
554,2021-06-13 02:00:00+00:00,C004251,5f7f8ff9564a4c000ebcb41f,0.0,0.7112833
555,2021-06-13 03:00:00+00:00,C004251,5f7f8ff9564a4c000ebcb41f,0.0,0.7727417
556,2021-06-13 04:00:00+00:00,C004251,5f7f8ff9564a4c000ebcb41f,0.0,0.8239833
557,2021-06-13 05:00:00+00:00,C004251,5f7f8ff9564a4c000ebcb41f,0.0,0.865975
558,2021-06-13 06:00:00+00:00,C004251,5f7f8ff9564a4c000ebcb41f,0.0,0.8813417
559,2021-06-13 07:00:00+00:00,C004251,5f7f8ff9564a4c000ebcb41f,0.0,0.9014417
560,2021-06-13 08:00:00+00:00,C004251,5f7f8ff9564a4c000ebcb41f,0.0,0.9364167
561,2021-06-13 09:00:00+00:00,C004251,5f7f8ff9564a4c000ebcb41f,0.0,0.96160835
562,2021-06-13 10:00:00+00:00,C004251,5f7f8ff9564a4c000ebcb41f,0.0,0.972
563,2021-06-13 11:00:00+00:00,C004251,5f7f8ff9564a4c000ebcb41f,0.0,0.9773333
564,2021-06-13 12:00:00+00:00,C004251,5f7f8ff9564a4c000ebcb41f,0.0,0.98136365
565,2021-06-13 13:00:00+00:00,C004251,5f7f8ff9564a4c000ebcb41f,0.0,0.9827833
566,2021-06-13 14:00:00+00:00,C004251,5f7f8ff9564a4c000ebcb41f,0.0,0.83143336
567,2021-06-13 15:00:00+00:00,C004251,5f7f8ff9564a4c000ebcb41f,0.0,0.6838083
568,2021-06-13 16:00:00+00:00,C004251,5f7f8ff9564a4c000ebcb41f,0.0,0.598975
569,2021-06-13 17:00:00+00:00,C004251,5f7f8ff9564a4c000ebcb41f,0.0,0.5535
570,2021-06-13 18:00:00+00:00,C004251,5f7f8ff9564a4c000ebcb41f,0.0,0.51946664
571,2021-06-13 19:00:00+00:00,C004251,5f7f8ff9564a4c000ebcb41f,0.0,0.501675
572,2021-06-13 20:00:00+00:00,C004251,5f7f8ff9564a4c000ebcb41f,0.0,0.48026666
573,2021-06-13 21:00:00+00:00,C004251,5f7f8ff9564a4c000ebcb41f,0.0,0.4609182
574,2021-06-13 22:00:00+00:00,C004251,5f7f8ff9564a4c000ebcb41f,0.0,0.42445
575,2021-06-13 23:00:00+00:00,C004251,5f7f8ff9564a4c000ebcb41f,0.0,0.422425
576,2021-06-14 00:00:00+00:00,C004251,5f7f8ff9564a4c000ebcb41f,0.0,0.5047917
577,2021-06-14 01:00:00+00:00,C004251,5f7f8ff9564a4c000ebcb41f,0.0,0.5992583
578,2021-06-14 02:00:00+00:00,C004251,5f7f8ff9564a4c000ebcb41f,0.0,0.6668417
579,2021-06-14 03:00:00+00:00,C004251,5f7f8ff9564a4c000ebcb41f,0.0,0.75915
580,2021-06-14 04:00:00+00:00,C004251,5f7f8ff9564a4c000ebcb41f,0.0,0.847775
581,2021-06-14 05:00:00+00:00,C004251,5f7f8ff9564a4c000ebcb41f,0.0,0.884625
582,2021-06-14 06:00:00+00:00,C004251,5f7f8ff9564a4c000ebcb41f,0.0,0.87239164
583,2021-06-14 07:00:00+00:00,C004251,5f7f8ff9564a4c000ebcb41f,0.0,0.870775
584,2021-06-14 08:00:00+00:00,C004251,5f7f8ff9564a4c000ebcb41f,0.0,0.8473167
585,2021-06-14 09:00:00+00:00,C004251,5f7f8ff9564a4c000ebcb41f,0.0,0.8563909
586,2021-06-14 10:00:00+00:00,C004251,5f7f8ff9564a4c000ebcb41f,0.0,0.84200835
587,2021-06-14 11:00:00+00:00,C004251,5f7f8ff9564a4c000ebcb41f,0.0,0.8421917
588,2021-06-14 12:00:00+00:00,C004251,5f7f8ff9564a4c000ebcb41f,0.0,0.84835
589,2021-06-14 13:00:00+00:00,C004251,5f7f8ff9564a4c000ebcb41f,0.0,0.854575
590,2021-06-14 14:00:00+00:00,C004251,5f7f8ff9564a4c000ebcb41f,0.0,0.76311666
591,2021-06-14 15:00:00+00:00,C004251,5f7f8ff9564a4c000ebcb41f,0.0,0.57853335
592,2021-06-14 16:00:00+00:00,C004251,5f7f8ff9564a4c000ebcb41f,0.0,0.513475
593,2021-06-14 17:00:00+00:00,C004251,5f7f8ff9564a4c000ebcb41f,0.0,0.54726666
594,2021-06-14 18:00:00+00:00,C004251,5f7f8ff9564a4c000ebcb41f,0.0,0.5258
595,2021-06-14 19:00:00+00:00,C004251,5f7f8ff9564a4c000ebcb41f,0.0,0.45490834
596,2021-06-14 20:00:00+00:00,C004251,5f7f8ff9564a4c000ebcb41f,0.0,0.398625
597,2021-06-14 21:00:00+00:00,C004251,5f7f8ff9564a4c000ebcb41f,0.0,0.39746666
598,2021-06-14 22:00:00+00:00,C004251,5f7f8ff9564a4c000ebcb41f,0.0,0.36745
599,2021-06-14 23:00:00+00:00,C004251,5f7f8ff9564a4c000ebcb41f,0.0,0.355125
600,2021-06-15 00:00:00+00:00,C004251,5f7f8ff9564a4c000ebcb41f,0.0,0.40691668
601,2021-06-15 01:00:00+00:00,C004251,5f7f8ff9564a4c000ebcb41f,0.0,0.50384164
602,2021-06-15 02:00:00+00:00,C004251,5f7f8ff9564a4c000ebcb41f,0.0,0.5718167
603,2021-06-15 03:00:00+00:00,C004251,5f7f8ff9564a4c000ebcb41f,0.0,0.66623634
604,2021-06-15 04:00:00+00:00,C004251,5f7f8ff9564a4c000ebcb41f,0.0,0.762925
605,2021-06-15 05:00:00+00:00,C004251,5f7f8ff9564a4c000ebcb41f,0.0,0.8286833
606,2021-06-15 06:00:00+00:00,C004251,5f7f8ff9564a4c000ebcb41f,0.0,0.8824583
607,2021-06-15 07:00:00+00:00,C004251,5f7f8ff9564a4c000ebcb41f,0.0,0.92685
608,2021-06-15 08:00:00+00:00,C004251,5f7f8ff9564a4c000ebcb41f,0.0,0.92845833
609,2021-06-15 09:00:00+00:00,C004251,5f7f8ff9564a4c000ebcb41f,0.0,0.92384166
610,2021-06-15 10:00:00+00:00,C004251,5f7f8ff9564a4c000ebcb41f,0.0,0.9393167
611,2021-06-15 11:00:00+00:00,C004251,5f7f8ff9564a4c000ebcb41f,0.0,0.94330835
612,2021-06-15 12:00:00+00:00,C004251,5f7f8ff9564a4c000ebcb41f,0.0,0.9635917
613,2021-06-15 13:00:00+00:00,C004251,5f7f8ff9564a4c000ebcb41f,0.0,0.95480835
614,2021-06-15 14:00:00+00:00,C004251,5f7f8ff9564a4c000ebcb41f,0.0,0.64005
615,2021-06-15 15:00:00+00:00,C004251,5f7f8ff9564a4c000ebcb41f,0.0,0.50149167
616,2021-06-15 16:00:00+00:00,C004251,5f7f8ff9564a4c000ebcb41f,0.0,0.45459092
617,2021-06-15 17:00:00+00:00,C004251,5f7f8ff9564a4c000ebcb41f,0.0,0.43586665
618,2021-06-15 18:00:00+00:00,C004251,5f7f8ff9564a4c000ebcb41f,0.0,0.42735833
619,2021-06-15 19:00:00+00:00,C004251,5f7f8ff9564a4c000ebcb41f,0.0,0.38819167
620,2021-06-15 20:00:00+00:00,C004251,5f7f8ff9564a4c000ebcb41f,0.0,0.35311666
621,2021-06-15 21:00:00+00:00,C004251,5f7f8ff9564a4c000ebcb41f,0.0,0.33971667
622,2021-06-15 22:00:00+00:00,C004251,5f7f8ff9564a4c000ebcb41f,0.0,0.29651666
623,2021-06-15 23:00:00+00:00,C004251,5f7f8ff9564a4c000ebcb41f,0.0,0.32051668
624,2021-06-16 00:00:00+00:00,C004251,5f7f8ff9564a4c000ebcb41f,0.0,0.36288333
625,2021-06-16 01:00:00+00:00,C004251,5f7f8ff9564a4c000ebcb41f,0.0,0.43146667
626,2021-06-16 02:00:00+00:00,C004251,5f7f8ff9564a4c000ebcb41f,0.0,0.49004167
627,2021-06-16 03:00:00+00:00,C004251,5f7f8ff9564a4c000ebcb41f,0.0,0.57760835
628,2021-06-16 04:00:00+00:00,C004251,5f7f8ff9564a4c000ebcb41f,0.0,0.68820834
629,2021-06-16 05:00:00+00:00,C004251,5f7f8ff9564a4c000ebcb41f,0.0,0.76416665
630,2021-06-16 06:00:00+00:00,C004251,5f7f8ff9564a4c000ebcb41f,0.0,0.81829166
631,2021-06-16 07:00:00+00:00,C004251,5f7f8ff9564a4c000ebcb41f,0.0,0.86331666
632,2021-06-16 08:00:00+00:00,C004251,5f7f8ff9564a4c000ebcb41f,0.0,0.90235
633,2021-06-16 09:00:00+00:00,C004251,5f7f8ff9564a4c000ebcb41f,0.0,0.91696364
634,2021-06-16 10:00:00+00:00,C004251,5f7f8ff9564a4c000ebcb41f,0.0,0.93293333
635,2021-06-16 11:00:00+00:00,C004251,5f7f8ff9564a4c000ebcb41f,0.0,0.943175
636,2021-06-16 12:00:00+00:00,C004251,5f7f8ff9564a4c000ebcb41f,0.0,0.95993334
637,2021-06-16 13:00:00+00:00,C004251,5f7f8ff9564a4c000ebcb41f,0.0,0.948675
638,2021-06-16 14:00:00+00:00,C004251,5f7f8ff9564a4c000ebcb41f,0.0,0.6572667
639,2021-06-16 15:00:00+00:00,C004251,5f7f8ff9564a4c000ebcb41f,0.0,0.519175
640,2021-06-16 16:00:00+00:00,C004251,5f7f8ff9564a4c000ebcb41f,0.0,0.41630834
641,2021-06-16 17:00:00+00:00,C004251,5f7f8ff9564a4c000ebcb41f,0.0,0.37784168
642,2021-06-16 18:00:00+00:00,C004251,5f7f8ff9564a4c000ebcb41f,0.0,0.33719167
643,2021-06-16 19:00:00+00:00,C004251,5f7f8ff9564a4c000ebcb41f,0.0,0.322675
644,2021-06-16 20:00:00+00:00,C004251,5f7f8ff9564a4c000ebcb41f,0.0,0.28050834
645,2021-06-16 21:00:00+00:00,C004251,5f7f8ff9564a4c000ebcb41f,0.0,0.28369167
646,2021-06-16 22:00:00+00:00,C004251,5f7f8ff9564a4c000ebcb41f,0.0,0.29441667
647,2021-06-16 23:00:00+00:00,C004251,5f7f8ff9564a4c000ebcb41f,0.0,0.3213
